-- phpMyAdmin SQL Dump
-- version 4.5.1
-- http://www.phpmyadmin.net
--
-- 主機: 127.0.0.1
-- 產生時間： 2017-12-10 01:29:59
-- 伺服器版本: 10.1.13-MariaDB
-- PHP 版本： 5.6.23

SET SQL_MODE = "NO_AUTO_VALUE_ON_ZERO";
SET time_zone = "+00:00";


/*!40101 SET @OLD_CHARACTER_SET_CLIENT=@@CHARACTER_SET_CLIENT */;
/*!40101 SET @OLD_CHARACTER_SET_RESULTS=@@CHARACTER_SET_RESULTS */;
/*!40101 SET @OLD_COLLATION_CONNECTION=@@COLLATION_CONNECTION */;
/*!40101 SET NAMES utf8mb4 */;

--
-- 資料庫： `phpmember`
--

-- --------------------------------------------------------

--
-- 資料表結構 `avg`
--

CREATE TABLE `avg` (
  `id` int(11) UNSIGNED NOT NULL,
  `temp_1` double NOT NULL COMMENT '環境溫度',
  `humi_1` double NOT NULL COMMENT '環境濕度',
  `light_1` double NOT NULL COMMENT '日照度',
  `date` date NOT NULL,
  `time` timestamp NOT NULL DEFAULT CURRENT_TIMESTAMP
) ENGINE=InnoDB DEFAULT CHARSET=utf8 COLLATE=utf8_unicode_ci;

--
-- 資料表的匯出資料 `avg`
--

INSERT INTO `avg` (`id`, `temp_1`, `humi_1`, `light_1`, `date`, `time`) VALUES
(1, 20.69, 47.64, 18.59, '2017-05-31', '2017-06-01 06:02:11'),
(2, 27.13, 96.99, 8.3, '2017-06-01', '2017-06-02 06:03:53'),
(3, 22.15, 76.46, 7.69, '2017-06-02', '2017-06-03 06:08:25'),
(4, 24.82, 84.83, 5.13, '2017-06-03', '2017-06-04 06:09:44'),
(5, 22.84, 87.14, 0.05, '2017-06-04', '2017-06-05 11:48:19'),
(6, 26.49, 75.26, 0, '2017-06-05', '2017-06-06 11:49:12');

-- --------------------------------------------------------

--
-- 資料表結構 `equipment`
--

CREATE TABLE `equipment` (
  `e_id` int(255) UNSIGNED NOT NULL COMMENT '編號',
  `e_user` varchar(20) CHARACTER SET utf8mb4 COLLATE utf8mb4_unicode_ci NOT NULL COMMENT '使用者',
  `e_name` varchar(20) CHARACTER SET utf8mb4 COLLATE utf8mb4_unicode_ci NOT NULL COMMENT '器材名稱',
  `e_num` tinyint(20) NOT NULL COMMENT '數量',
  `e_money` int(255) NOT NULL COMMENT '單價',
  `e_time` timestamp NOT NULL DEFAULT CURRENT_TIMESTAMP COMMENT '時間',
  `e_pattern` enum('耗材','資材') CHARACTER SET utf8mb4 COLLATE utf8mb4_unicode_ci NOT NULL
) ENGINE=InnoDB DEFAULT CHARSET=latin1;

--
-- 資料表的匯出資料 `equipment`
--

INSERT INTO `equipment` (`e_id`, `e_user`, `e_name`, `e_num`, `e_money`, `e_time`, `e_pattern`) VALUES
(2, '', '45', 45, 0, '2016-07-06 13:04:36', '資材'),
(3, 'root12', '45', 45, 0, '2016-07-06 13:38:24', '資材'),
(4, 'gcobs120399', '12修改', 54, 0, '2016-07-07 01:37:35', '耗材'),
(5, 'gcobs120399', 'YOOOOOO修改', 127, 0, '2016-07-07 01:39:58', '資材'),
(6, 'gcobs120399', '12', 12, 0, '2016-07-07 01:41:20', '耗材'),
(7, 'gcobs120399', '12', 23, 0, '2016-07-07 01:41:37', '資材'),
(8, 'gcobs120399', '12', 22, 0, '2016-07-07 01:43:21', '耗材'),
(9, 'gcobs120399', '型態測試', 3, 0, '2016-11-11 10:29:47', '耗材'),
(10, 'b10356019', '資材', 1, 10000, '2016-12-06 18:32:22', '資材'),
(11, 'b10356019', '耗材', 3, 100, '2016-12-06 18:32:38', '耗材'),
(13, 'b10356019', '肥料', 10, 200, '2017-10-17 13:06:10', '耗材');

-- --------------------------------------------------------

--
-- 資料表結構 `flower`
--

CREATE TABLE `flower` (
  `f_id` int(255) UNSIGNED NOT NULL,
  `f_biology` varchar(100) COLLATE utf8_unicode_ci NOT NULL COMMENT '品種',
  `f_username` varchar(100) COLLATE utf8_unicode_ci NOT NULL COMMENT '使用者',
  `f_location` enum('左','中','右') COLLATE utf8_unicode_ci NOT NULL,
  `f_act` enum('種植中','已採收') COLLATE utf8_unicode_ci NOT NULL,
  `f_date` date NOT NULL,
  `f_jointime` timestamp NULL DEFAULT CURRENT_TIMESTAMP ON UPDATE CURRENT_TIMESTAMP
) ENGINE=InnoDB DEFAULT CHARSET=utf8 COLLATE=utf8_unicode_ci;

--
-- 資料表的匯出資料 `flower`
--

INSERT INTO `flower` (`f_id`, `f_biology`, `f_username`, `f_location`, `f_act`, `f_date`, `f_jointime`) VALUES
(1, '蘭花A', 'b10356019', '左', '已採收', '2017-06-02', '2017-12-10 00:27:24'),
(2, '蘭花B', 'b10356019', '左', '已採收', '2017-06-02', '2017-12-10 00:27:24'),
(3, '蘭花C', 'b10356019', '左', '已採收', '2017-06-02', '2017-12-10 00:27:25'),
(4, '蘭花D', 'b10356019', '中', '已採收', '2017-06-02', '2017-12-10 00:27:25'),
(5, '蘭花E', 'b10356019', '中', '已採收', '2017-06-02', '2017-12-10 00:27:25'),
(6, '蘭花F', 'b10356019', '中', '已採收', '2017-06-02', '2017-12-10 00:27:25'),
(7, '蘭花G', 'b10356019', '右', '已採收', '2017-06-02', '2017-12-10 00:27:25'),
(8, '蘭花H', 'b10356019', '右', '已採收', '2017-06-02', '2017-12-10 00:27:25'),
(9, '蘭花I', 'b10356019', '右', '已採收', '2017-06-02', '2017-12-10 00:27:25'),
(10, '蘭花J', 'b10356019', '中', '種植中', '2017-07-26', '2017-07-26 06:10:00'),
(11, '蘭花K', 'b10356019', '左', '種植中', '2017-11-30', '2017-12-01 07:57:26');

-- --------------------------------------------------------

--
-- 資料表結構 `greenhouse`
--

CREATE TABLE `greenhouse` (
  `gh_id` int(255) UNSIGNED NOT NULL,
  `gh_user` varchar(20) COLLATE utf8_unicode_ci NOT NULL,
  `gh_name` varchar(20) COLLATE utf8_unicode_ci NOT NULL,
  `gh_num` tinyint(20) NOT NULL,
  `gh_add` varchar(1000) COLLATE utf8_unicode_ci NOT NULL,
  `gh_data` varchar(255) COLLATE utf8_unicode_ci NOT NULL,
  `gh_time` timestamp NOT NULL DEFAULT CURRENT_TIMESTAMP ON UPDATE CURRENT_TIMESTAMP
) ENGINE=InnoDB DEFAULT CHARSET=utf8 COLLATE=utf8_unicode_ci;

--
-- 資料表的匯出資料 `greenhouse`
--

INSERT INTO `greenhouse` (`gh_id`, `gh_user`, `gh_name`, `gh_num`, `gh_add`, `gh_data`, `gh_time`) VALUES
(1, 'b10356019', '溫室A', 50, '屏東縣內埔鄉老埤村學府路1號', '2015-02-02', '2017-11-04 15:30:54'),
(2, 'abcde', 'aa', 10, 'eee', '2017-02-15', '2017-02-19 08:30:41');

-- --------------------------------------------------------

--
-- 資料表結構 `history`
--

CREATE TABLE `history` (
  `h_id` int(255) UNSIGNED NOT NULL,
  `h_biology` varchar(255) COLLATE utf8_unicode_ci NOT NULL COMMENT '品種',
  `h_username` varchar(255) COLLATE utf8_unicode_ci NOT NULL COMMENT '使用者',
  `h_on` int(255) NOT NULL,
  `h_leafNum` int(11) NOT NULL COMMENT '葉片數量',
  `h_pedlength` double NOT NULL COMMENT '花梗長度',
  `h_bifNum` int(255) NOT NULL COMMENT '分岔數',
  `h_bifNum1` double DEFAULT NULL COMMENT '第一分岔',
  `h_bifNum2` double DEFAULT NULL COMMENT '第二分岔',
  `maturity` double NOT NULL COMMENT '成熟度',
  `h_date` date NOT NULL,
  `h_jointime` timestamp NULL DEFAULT CURRENT_TIMESTAMP ON UPDATE CURRENT_TIMESTAMP
) ENGINE=InnoDB DEFAULT CHARSET=utf8 COLLATE=utf8_unicode_ci;

--
-- 資料表的匯出資料 `history`
--

INSERT INTO `history` (`h_id`, `h_biology`, `h_username`, `h_on`, `h_leafNum`, `h_pedlength`, `h_bifNum`, `h_bifNum1`, `h_bifNum2`, `maturity`, `h_date`, `h_jointime`) VALUES
(1, '蘭花A', 'b10356019', 1, 12, 42, 2, 6, 4.2, 0, '2017-05-31', '2017-05-31 13:54:54'),
(2, '蘭花B', 'b10356019', 2, 10, 36.1, 2, 2.8, 2.9, 0, '2017-05-31', '2017-05-31 13:55:17'),
(3, '蘭花C', 'b10356019', 3, 11, 35.2, 2, 4.2, 3.7, 0, '2017-05-31', '2017-05-31 13:55:45'),
(5, '蘭花D', 'b10356019', 4, 10, 42.1, 2, 4.2, 4.4, 0, '2017-05-31', '2017-05-31 13:57:08'),
(6, '蘭花E', 'b10356019', 5, 11, 36.8, 2, 3.2, 3.3, 0, '2017-05-31', '2017-05-31 13:57:57'),
(7, '蘭花F', 'b10356019', 6, 11, 39.2, 2, 4.1, 3.6, 0, '2017-05-31', '2017-05-31 14:00:48'),
(8, '蘭花G', 'b10356019', 7, 11, 39.2, 2, 4, 6, 0, '2017-05-31', '2017-05-31 14:01:17'),
(9, '蘭花H', 'b10356019', 8, 11, 42.8, 2, 5.4, 4.8, 0, '2017-05-31', '2017-05-31 14:01:49'),
(10, '蘭花I', 'b10356019', 9, 12, 41.8, 2, 5.8, 6.6, 0, '2017-05-31', '2017-05-31 14:04:10'),
(11, '蘭花A', 'b10356019', 1, 12, 43.9, 2, 6.9, 5.5, 0, '2017-06-01', '2017-06-01 14:05:27'),
(12, '蘭花B', 'b10356019', 2, 10, 38.9, 2, 4, 3.8, 0, '2017-06-01', '2017-06-01 14:05:52'),
(13, '蘭花C', 'b10356019', 3, 11, 37, 2, 5.9, 4, 0, '2017-06-01', '2017-06-01 14:06:17'),
(14, '蘭花D', 'b10356019', 4, 10, 43.8, 2, 5.2, 5.4, 0, '2017-06-01', '2017-06-01 14:06:37'),
(15, '蘭花E', 'b10356019', 5, 11, 38.1, 2, 4.4, 4.2, 0, '2017-06-01', '2017-06-01 14:07:33'),
(16, '蘭花F', 'b10356019', 6, 11, 43, 2, 5, 4.5, 0, '2017-06-01', '2017-06-01 14:08:28'),
(17, '蘭花G', 'b10356019', 7, 11, 40.9, 2, 5.1, 7.3, 0, '2017-06-01', '2017-06-01 14:08:57'),
(18, '蘭花H', 'b10356019', 8, 11, 45.9, 2, 7.4, 6, 0, '2017-06-01', '2017-06-01 14:09:30'),
(19, '蘭花I', 'b10356019', 9, 12, 44, 2, 7.1, 7.2, 0, '2017-06-01', '2017-06-01 14:09:56'),
(20, '蘭花A', 'b10356019', 1, 12, 47.5, 2, 7.5, 6.1, 0, '2017-06-02', '2017-06-02 14:12:27'),
(21, '蘭花B', 'b10356019', 2, 10, 40.9, 2, 4.9, 4.4, 0, '2017-06-02', '2017-06-02 14:13:03'),
(22, '蘭花C', 'b10356019', 3, 11, 39.5, 2, 6.2, 5, 0, '2017-06-02', '2017-06-02 14:13:28'),
(23, '蘭花D', 'b10356019', 4, 10, 47.5, 2, 5.9, 6.2, 0, '2017-06-02', '2017-06-02 14:13:57'),
(24, '蘭花E', 'b10356019', 5, 11, 41.5, 2, 4.8, 4.8, 0, '2017-06-02', '2017-06-02 14:14:24'),
(25, '蘭花F', 'b10356019', 6, 11, 45.9, 2, 5.6, 5.2, 0, '2017-06-02', '2017-06-02 14:14:53'),
(26, '蘭花G', 'b10356019', 7, 11, 44, 2, 5.6, 8, 0, '2017-06-02', '2017-06-02 14:15:22'),
(27, '蘭花H', 'b10356019', 8, 11, 47.9, 2, 7.6, 6.9, 0, '2017-06-02', '2017-06-02 14:16:06'),
(28, '蘭花I', 'b10356019', 9, 12, 45.8, 2, 8, 8.1, 0, '2017-06-02', '2017-06-02 14:16:30'),
(29, '蘭花A', 'b10356019', 1, 12, 50, 2, 9.4, 7.2, 0, '2017-06-03', '2017-06-04 05:28:01'),
(30, '蘭花B', 'b10356019', 2, 10, 44.2, 2, 6.2, 5.6, 0, '2017-06-03', '2017-06-04 05:28:01'),
(31, '蘭花C', 'b10356019', 3, 11, 42.2, 2, 7.6, 6.2, 0, '2017-06-03', '2017-06-04 05:28:01'),
(32, '蘭花D', 'b10356019', 4, 10, 51, 2, 7.5, 8.2, 0, '2017-06-03', '2017-06-04 05:28:36'),
(33, '蘭花E', 'b10356019', 5, 11, 44.7, 2, 6.6, 6.3, 0, '2017-06-03', '2017-06-04 05:28:36'),
(34, '蘭花F', 'b10356019', 6, 11, 48.8, 2, 7.3, 7.2, 0, '2017-06-03', '2017-06-04 05:28:36'),
(35, '蘭花G', 'b10356019', 7, 11, 46.2, 2, 7, 9.8, 0, '2017-06-03', '2017-06-04 05:28:36'),
(36, '蘭花H', 'b10356019', 8, 11, 49.8, 2, 9.2, 8.4, 0, '2017-06-03', '2017-06-04 05:27:29'),
(37, '蘭花I', 'b10356019', 9, 12, 47.7, 2, 9.8, 9.5, 0, '2017-06-03', '2017-06-04 05:27:29'),
(38, '蘭花A', 'b10356019', 1, 12, 52.4, 2, 10.3, 8, 0, '2017-06-04', '2017-06-04 09:59:19'),
(39, '蘭花B', 'b10356019', 2, 10, 46.4, 2, 7.3, 6.6, 0, '2017-06-04', '2017-06-04 09:59:59'),
(40, '蘭花C', 'b10356019', 3, 11, 43.6, 2, 8.8, 7.2, 0, '2017-06-04', '2017-06-04 10:00:32'),
(41, '蘭花D', 'b10356019', 4, 12, 52.8, 2, 8.8, 9.5, 0, '2017-06-04', '2017-06-04 10:01:10'),
(42, '蘭花E', 'b10356019', 5, 11, 47, 2, 7.5, 7.7, 0, '2017-06-04', '2017-06-04 10:01:44'),
(43, '蘭花F', 'b10356019', 6, 11, 50.6, 2, 8.4, 8.2, 0, '2017-06-04', '2017-06-04 10:02:17'),
(44, '蘭花G', 'b10356019', 7, 10, 48.2, 2, 8, 10.8, 0, '2017-06-04', '2017-06-04 10:02:49'),
(45, '蘭花H', 'b10356019', 8, 11, 51.4, 2, 10.2, 9.3, 0, '2017-06-04', '2017-06-04 10:03:18'),
(46, '蘭花I', 'b10356019', 9, 10, 49.7, 2, 10.7, 10.8, 0, '2017-06-04', '2017-06-04 10:03:49'),
(47, '蘭花A', 'b10356019', 1, 12, 49.1, 2, 11, 9, 0, '2017-06-05', '2017-06-05 14:29:22'),
(49, '蘭花B', 'b10356019', 2, 10, 48.5, 2, 9.1, 8.2, 0, '2017-06-05', '2017-06-05 14:31:34'),
(50, '蘭花C', 'b10356019', 3, 11, 44, 2, 9, 7.1, 0, '2017-06-05', '2017-06-05 14:31:59'),
(51, '蘭花D', 'b10356019', 4, 10, 54, 2, 11, 10, 0, '2017-06-05', '2017-06-05 14:32:21'),
(52, '蘭花E', 'b10356019', 5, 11, 48.5, 2, 8.6, 8.5, 0, '2017-06-05', '2017-06-05 14:32:50'),
(53, '蘭花F', 'b10356019', 6, 11, 52.5, 2, 9, 9, 0, '2017-06-05', '2017-06-05 14:33:12'),
(54, '蘭花G', 'b10356019', 7, 11, 46, 2, 9, 12, 0, '2017-06-05', '2017-06-05 14:33:36'),
(55, '蘭花H', 'b10356019', 8, 11, 52, 2, 10.5, 11.5, 0, '2017-06-05', '2017-06-05 14:33:56'),
(56, '蘭花I', 'b10356019', 9, 12, 50.5, 2, 11.6, 11.5, 0, '2017-06-05', '2017-06-05 14:34:18'),
(57, '蘭花A', 'b10356019', 1, 12, 53.1, 2, 12.5, 9, 0, '2017-06-06', '2017-06-06 11:34:51'),
(58, '蘭花B', 'b10356019', 2, 10, 49.6, 2, 10, 8.5, 0, '2017-06-06', '2017-06-06 11:35:15'),
(59, '蘭花C', 'b10356019', 3, 11, 45.2, 2, 10.5, 8.5, 0, '2017-06-06', '2017-06-06 11:35:34'),
(60, '蘭花D', 'b10356019', 4, 10, 52.8, 2, 10.2, 11.1, 0, '2017-06-06', '2017-06-06 11:35:57'),
(61, '蘭花E', 'b10356019', 5, 11, 50.3, 2, 9.7, 9.5, 0, '2017-06-06', '2017-06-06 11:36:17'),
(62, '蘭花F', 'b10356019', 6, 11, 52.5, 2, 11.5, 10.1, 0, '2017-06-06', '2017-06-06 11:36:42'),
(63, '蘭花G', 'b10356019', 7, 11, 46.5, 2, 10, 11.6, 0, '2017-06-06', '2017-06-06 11:37:02'),
(64, '蘭花H', 'b10356019', 8, 11, 53, 2, 12, 11.2, 0, '2017-06-06', '2017-06-06 11:37:20'),
(65, '蘭花I', 'b10356019', 9, 12, 51.5, 2, 11.9, 12.6, 0, '2017-06-06', '2017-06-06 11:37:43'),
(66, '蘭花A', 'b10356019', 1, 12, 54.6, 2, 13.4, 9.2, 0, '2017-06-07', '2017-06-08 10:52:12'),
(67, '蘭花B', 'b10356019', 2, 10, 51.4, 2, 9.8, 9.7, 0, '2017-06-07', '2017-06-08 10:52:31'),
(68, '蘭花C', 'b10356019', 3, 11, 46.6, 2, 11, 8.2, 0, '2017-06-07', '2017-06-08 10:52:47'),
(69, '蘭花D', 'b10356019', 4, 12, 57.2, 2, 11.6, 12.4, 0, '2017-06-07', '2017-06-08 10:53:21'),
(70, '蘭花E', 'b10356019', 5, 11, 52.2, 2, 10, 10.5, 0, '2017-06-07', '2017-06-08 10:53:33'),
(71, '蘭花F', 'b10356019', 6, 11, 54.4, 2, 12.2, 10.7, 0, '2017-06-07', '2017-06-08 10:53:47'),
(72, '蘭花G', 'b10356019', 7, 11, 51, 2, 10.5, 12.2, 0, '2017-06-07', '2017-06-08 10:53:59'),
(73, '蘭花H', 'b10356019', 8, 11, 54.2, 2, 12.4, 11.3, 0, '2017-06-07', '2017-06-08 10:54:09'),
(74, '蘭花I', 'b10356019', 9, 10, 51.3, 2, 12.6, 13, 0, '2017-06-07', '2017-06-08 10:54:18'),
(75, '蘭花A', 'b10356019', 1, 12, 56.6, 2, 13.2, 10, 0, '2017-06-08', '2017-06-08 10:55:01'),
(76, '蘭花B', 'b10356019', 2, 10, 52, 2, 11.2, 10, 0, '2017-06-08', '2017-06-08 10:55:19'),
(77, '蘭花C', 'b10356019', 3, 11, 47.8, 2, 10.8, 8.5, 0, '2017-06-08', '2017-06-08 10:55:45'),
(78, '蘭花D', 'b10356019', 4, 12, 58, 2, 13, 13.6, 0, '2017-06-08', '2017-06-08 10:56:20'),
(79, '蘭花E', 'b10356019', 5, 11, 53, 2, 11.6, 11.4, 0, '2017-06-08', '2017-06-08 10:56:37'),
(80, '蘭花F', 'b10356019', 6, 11, 57, 2, 13, 12, 0, '2017-06-08', '2017-06-08 10:56:56'),
(81, '蘭花G', 'b10356019', 7, 11, 51.6, 2, 10.8, 13.2, 0, '2017-06-08', '2017-06-08 10:59:20'),
(82, '蘭花H', 'b10356019', 8, 11, 55.5, 2, 13.3, 12, 0, '2017-06-08', '2017-06-08 10:57:38'),
(83, '蘭花I', 'b10356019', 9, 10, 52.8, 2, 12.9, 13.3, 0, '2017-06-08', '2017-06-08 10:57:56'),
(84, '蘭花A', 'b10356019', 1, 12, 57.8, 2, 13.5, 10.2, 0, '2017-06-09', '2017-06-10 06:40:45'),
(85, '蘭花B', 'b10356019', 2, 10, 53.5, 2, 11, 12, 0, '2017-06-09', '2017-06-10 06:41:12'),
(86, '蘭花C', 'b10356019', 3, 11, 48.2, 2, 12, 8.5, 0, '2017-06-09', '2017-06-10 06:41:39'),
(87, '蘭花D', 'b10356019', 4, 12, 59.8, 2, 13, 13.5, 0, '2017-06-09', '2017-06-10 06:41:51'),
(88, '蘭花E', 'b10356019', 5, 11, 58.5, 2, 13, 12.5, 0, '2017-06-09', '2017-06-10 06:42:35'),
(89, '蘭花F', 'b10356019', 6, 11, 58.5, 2, 13, 12.5, 0, '2017-06-09', '2017-06-10 06:42:49'),
(90, '蘭花G', 'b10356019', 7, 11, 51.9, 2, 10.8, 13.5, 0, '2017-06-09', '2017-06-10 06:43:03'),
(91, '蘭花H', 'b10356019', 8, 11, 55.5, 2, 13.6, 11.7, 0, '2017-06-09', '2017-06-10 06:43:16'),
(92, '蘭花I', 'b10356019', 9, 10, 53.2, 2, 13.2, 13.4, 0, '2017-06-09', '2017-06-10 06:43:36'),
(93, '蘭花A', 'b10356019', 1, 12, 56.1, 2, 15, 11, 0, '2017-06-10', '2017-06-10 12:01:27'),
(94, '蘭花B', 'b10356019', 2, 10, 54.5, 2, 13, 13, 0, '2017-06-10', '2017-06-10 12:01:50'),
(95, '蘭花C', 'b10356019', 3, 11, 47.6, 2, 12.3, 9.4, 0, '2017-06-10', '2017-06-10 12:02:08'),
(96, '蘭花D', 'b10356019', 4, 11, 58.3, 2, 14.8, 14.1, 0, '2017-06-10', '2017-06-10 12:02:40'),
(97, '蘭花E', 'b10356019', 5, 11, 55.5, 2, 13, 13.8, 0, '2017-06-10', '2017-06-10 12:03:13'),
(98, '蘭花F', 'b10356019', 6, 11, 57.3, 2, 15.2, 12.9, 0, '2017-06-10', '2017-06-10 12:03:39'),
(99, '蘭花G', 'b10356019', 7, 11, 49.5, 2, 12.8, 14.9, 0, '2017-06-10', '2017-06-10 12:03:58'),
(100, '蘭花H', 'b10356019', 8, 11, 55.3, 2, 14, 13, 0, '2017-06-10', '2017-06-10 12:04:19'),
(101, '蘭花I', 'b10356019', 9, 10, 53.2, 2, 14, 13.8, 0, '2017-06-10', '2017-06-10 12:04:43'),
(102, '蘭花A', 'b10356019', 1, 12, 57.5, 2, 14, 13.8, 0.03, '2017-06-11', '2017-06-11 12:24:23'),
(103, '蘭花B', 'b10356019', 2, 10, 55, 2, 14.2, 13, 0, '2017-06-11', '2017-06-11 12:25:45'),
(104, '蘭花C', 'b10356019', 3, 11, 49, 2, 12.4, 9.2, 0, '2017-06-11', '2017-06-11 12:26:09'),
(105, '蘭花D', 'b10356019', 4, 12, 61.5, 2, 15.1, 15, 0, '2017-06-11', '2017-06-11 12:26:31'),
(106, '蘭花E', 'b10356019', 5, 11, 55.1, 2, 14, 14.1, 0, '2017-06-11', '2017-06-11 12:26:53'),
(107, '蘭花F', 'b10356019', 6, 11, 59.6, 2, 15.2, 14, 0, '2017-06-11', '2017-06-11 12:27:16'),
(108, '蘭花G', 'b10356019', 7, 11, 54.2, 2, 12.5, 14.6, 0.11, '2017-06-11', '2017-06-11 12:27:41'),
(109, '蘭花H', 'b10356019', 8, 11, 57, 2, 14.5, 13.5, 0.08, '2017-06-11', '2017-06-11 12:28:19'),
(110, '蘭花I', 'b10356019', 9, 10, 55.5, 2, 13.6, 15.3, 0.14, '2017-06-11', '2017-06-11 12:28:42'),
(111, '蘭花A', 'b10356019', 1, 12, 59, 2, 15.3, 11.5, 0.11, '2017-06-12', '2017-06-12 11:48:57'),
(112, '蘭花B', 'b10356019', 2, 10, 56, 2, 14, 13, 0, '2017-06-12', '2017-06-12 11:49:40'),
(113, '蘭花C', 'b10356019', 3, 11, 49.6, 2, 12.2, 9.2, 0.03, '2017-06-12', '2017-06-12 11:50:06'),
(114, '蘭花D', 'b10356019', 4, 12, 61.5, 2, 15.5, 14.8, 0.02, '2017-06-12', '2017-06-12 11:50:27'),
(115, '蘭花E', 'b10356019', 5, 11, 56.3, 2, 13.9, 13.4, 0, '2017-06-12', '2017-06-12 11:51:57'),
(116, '蘭花F', 'b10356019', 6, 11, 60.4, 2, 14.5, 14, 0, '2017-06-12', '2017-06-12 11:53:00'),
(117, '蘭花G', 'b10356019', 7, 11, 54.3, 2, 12.2, 15.4, 0.13, '2017-06-12', '2017-06-12 11:53:27'),
(118, '蘭花H', 'b10356019', 8, 11, 57.4, 2, 14.9, 13.8, 0.14, '2017-06-12', '2017-06-12 11:53:53'),
(119, '蘭花I', 'b10356019', 9, 10, 55.1, 2, 13.7, 15, 0.14, '2017-06-12', '2017-06-12 11:54:12'),
(120, '蘭花A', 'b10356019', 1, 12, 59, 2, 15.5, 11.5, 0.17, '2017-06-13', '2017-06-13 15:57:49'),
(121, '蘭花B', 'b10356019', 2, 10, 57, 2, 16, 13.6, 0, '2017-06-13', '2017-06-13 15:58:09'),
(122, '蘭花C', 'b10356019', 3, 11, 49.5, 2, 13, 9, 0.12, '2017-06-13', '2017-06-13 15:58:35'),
(123, '蘭花D', 'b10356019', 4, 12, 61.5, 2, 16.3, 16, 0.05, '2017-06-13', '2017-06-13 15:58:58'),
(124, '蘭花E', 'b10356019', 5, 11, 55.6, 2, 14.5, 14.5, 0, '2017-06-13', '2017-06-13 15:59:20'),
(125, '蘭花F', 'b10356019', 6, 11, 60, 2, 15.9, 15, 0.1, '2017-06-13', '2017-06-13 15:59:41'),
(126, '蘭花G', 'b10356019', 7, 10, 56.8, 2, 13.4, 15.5, 0.18, '2017-06-13', '2017-06-13 14:00:00'),
(127, '蘭花H', 'b10356019', 8, 11, 57.4, 2, 15, 14.5, 0.19, '2017-06-13', '2017-06-13 15:00:00'),
(128, '蘭花I', 'b10356019', 9, 10, 54.6, 2, 13.9, 15.4, 0.22, '2017-06-13', '2017-06-13 15:01:00'),
(137, '蘭花A', 'b10356019', 1, 12, 58.4, 2, 15.5, 10.7, 0.22, '2017-06-14', '2017-06-14 10:15:04'),
(138, '蘭花B', 'b10356019', 2, 10, 57, 2, 14.2, 13.6, 0.13, '2017-06-14', '2017-06-14 10:15:31'),
(139, '蘭花B', 'b10356019', 2, 10, 57, 2, 14.2, 13.6, 0.13, '2017-06-14', '2017-06-14 10:15:33'),
(140, '蘭花C', 'b10356019', 3, 11, 50.2, 2, 12.2, 6.2, 0.15, '2017-06-14', '2017-06-14 10:16:15'),
(141, '蘭花D', 'b10356019', 4, 12, 63.2, 2, 16.2, 15.6, 0.12, '2017-06-14', '2017-06-14 10:16:41'),
(142, '蘭花E', 'b10356019', 5, 11, 57.4, 2, 14.4, 14.2, 0.05, '2017-06-14', '2017-06-14 10:17:05'),
(143, '蘭花F', 'b10356019', 6, 11, 60.8, 2, 15, 13.6, 0.12, '2017-06-14', '2017-06-14 10:17:42'),
(144, '蘭花G', 'b10356019', 7, 10, 56.4, 2, 11.5, 14.8, 0.21, '2017-06-14', '2017-06-14 10:18:07'),
(145, '蘭花H', 'b10356019', 8, 11, 56.4, 2, 14.7, 12.8, 0.19, '2017-06-14', '2017-06-14 10:18:36'),
(146, '蘭花I', 'b10356019', 9, 10, 54.2, 2, 13, 14.6, 0.22, '2017-06-14', '2017-06-14 10:18:59'),
(147, '蘭花A', 'b10356019', 1, 12, 59.3, 2, 15.6, 11.5, 0.22, '2017-06-15', '2017-06-15 11:26:40'),
(148, '蘭花B', 'b10356019', 2, 10, 58.5, 2, 15.2, 14, 0.125, '2017-06-15', '2017-06-15 11:27:27'),
(149, '蘭花C', 'b10356019', 3, 11, 51.4, 2, 13, 9.2, 0.17, '2017-06-15', '2017-06-15 11:28:33'),
(150, '蘭花D', 'b10356019', 4, 13, 64.9, 2, 16.7, 17.2, 0.19, '2017-06-15', '2017-06-15 11:29:20'),
(151, '蘭花E', 'b10356019', 5, 12, 58.5, 2, 14.8, 14.5, 0.13, '2017-06-15', '2017-06-15 11:30:03'),
(152, '蘭花F', 'b10356019', 6, 11, 61.5, 2, 16.4, 14.8, 0.2, '2017-06-15', '2017-06-15 11:33:05'),
(153, '蘭花G', 'b10356019', 7, 10, 55.8, 2, 12.6, 15, 0.27, '2017-06-15', '2017-06-15 11:33:49'),
(154, '蘭花H', 'b10356019', 8, 11, 57.3, 2, 14.9, 14.3, 0.22, '2017-06-15', '2017-06-15 11:34:35'),
(155, '蘭花I', 'b10356019', 9, 10, 55.4, 2, 13.4, 14.9, 0.27, '2017-06-15', '2017-06-15 11:35:12'),
(156, '蘭花A', 'b10356019', 1, 12, 60.1, 2, 14.7, 11, 0.23, '2017-06-16', '2017-06-16 15:39:14'),
(157, '蘭花B', 'b10356019', 2, 10, 57.1, 2, 14.6, 13.6, 0.187, '2017-06-16', '2017-06-16 15:39:43'),
(158, '蘭花C', 'b10356019', 3, 11, 50.3, 2, 13, 10, 0.174, '2017-06-16', '2017-06-16 15:40:11'),
(159, '蘭花D', 'b10356019', 4, 12, 64, 2, 17.1, 16.7, 0.202, '2017-06-16', '2017-06-16 15:40:46'),
(160, '蘭花E', 'b10356019', 5, 13, 58.4, 2, 15, 14.5, 0.141, '2017-06-16', '2017-06-16 15:41:14'),
(161, '蘭花F', 'b10356019', 6, 11, 60.5, 2, 15.4, 14.5, 0.207, '2017-06-16', '2017-06-16 15:41:45'),
(162, '蘭花G', 'b10356019', 7, 10, 55, 2, 12.6, 14.8, 0.27, '2017-06-16', '2017-06-16 15:42:08'),
(163, '蘭花H', 'b10356019', 8, 11, 57, 2, 14.5, 13, 0.236, '2017-06-16', '2017-06-16 15:42:33'),
(164, '蘭花I', 'b10356019', 9, 10, 55, 2, 13.5, 14.5, 0.324, '2017-06-16', '2017-06-16 15:42:58'),
(165, '蘭花A', 'b10356019', 1, 12, 59.5, 2, 15.4, 11.7, 0.315, '2017-06-17', '2017-06-17 09:00:02'),
(166, '蘭花B', 'b10356019', 2, 10, 57.2, 2, 15.2, 14.4, 0.225, '2017-06-17', '2017-06-17 09:00:28'),
(167, '蘭花C', 'b10356019', 3, 11, 51.4, 2, 13.2, 10, 0.257, '2017-06-17', '2017-06-17 09:00:57'),
(168, '蘭花D', 'b10356019', 4, 13, 64.2, 2, 17.2, 17.4, 0.262, '2017-06-17', '2017-06-17 09:01:24'),
(169, '蘭花E', 'b10356019', 5, 12, 58.9, 2, 15.2, 15.6, 0.205, '2017-06-17', '2017-06-17 09:01:55'),
(170, '蘭花F', 'b10356019', 6, 11, 61.5, 2, 16.4, 15, 0.292, '2017-06-17', '2017-06-17 09:02:23'),
(171, '蘭花G', 'b10356019', 7, 10, 55.8, 2, 13, 15.5, 0.315, '2017-06-17', '2017-06-17 09:02:51'),
(172, '蘭花H', 'b10356019', 8, 11, 57.4, 2, 15, 14.4, 0.306, '2017-06-17', '2017-06-17 09:03:16'),
(173, '蘭花I', 'b10356019', 9, 10, 55.4, 2, 13.4, 15.1, 0.473, '2017-06-17', '2017-06-17 09:03:47'),
(174, '蘭花A', 'b10356019', 1, 12, 55, 2, 15.5, 11.7, 0.45, '2017-06-18', '2017-06-18 12:19:06'),
(175, '蘭花B', 'b10356019', 2, 10, 57.2, 2, 15.5, 14.5, 0.28, '2017-06-18', '2017-06-18 12:19:36'),
(176, '蘭花C', 'b10356019', 3, 11, 49.7, 2, 12.7, 10.1, 0.37, '2017-06-18', '2017-06-18 12:20:07'),
(177, '蘭花D', 'b10356019', 4, 13, 64, 2, 17.7, 16.5, 0.31, '2017-06-18', '2017-06-18 12:20:40'),
(178, '蘭花E', 'b10356019', 5, 12, 57.3, 2, 14, 14.8, 0.23, '2017-06-18', '2017-06-18 12:21:31'),
(179, '蘭花F', 'b10356019', 6, 11, 61.5, 2, 15.4, 15.2, 0.32, '2017-06-18', '2017-06-18 12:22:02'),
(180, '蘭花G', 'b10356019', 7, 10, 54.4, 2, 13.5, 16.2, 0.49, '2017-06-18', '2017-06-18 12:22:35'),
(181, '蘭花H', 'b10356019', 8, 11, 58.3, 2, 15.4, 14.4, 0.47, '2017-06-18', '2017-06-18 12:23:15'),
(182, '蘭花I', 'b10356019', 9, 10, 56, 2, 13.2, 15.7, 0.51, '2017-06-18', '2017-06-18 12:23:40'),
(183, '蘭花A', 'b10356019', 1, 12, 59.8, 2, 16, 12.9, 0.5, '2017-06-19', '2017-06-19 10:56:17'),
(184, '蘭花B', 'b10356019', 2, 10, 57.5, 2, 14.4, 15, 0.275, '2017-06-19', '2017-06-19 10:56:57'),
(185, '蘭花C', 'b10356019', 3, 11, 50.5, 2, 13, 10.8, 0.485, '2017-06-19', '2017-06-19 10:57:26'),
(186, '蘭花D', 'b10356019', 4, 13, 64.5, 2, 17.2, 16.5, 0.33, '2017-06-19', '2017-06-19 10:57:50'),
(187, '蘭花E', 'b10356019', 5, 12, 59, 2, 14.9, 15.2, 0.31, '2017-06-19', '2017-06-19 10:58:14'),
(188, '蘭花F', 'b10356019', 6, 11, 60, 2, 16.2, 15, 0.463, '2017-06-19', '2017-06-19 10:58:41'),
(189, '蘭花G', 'b10356019', 7, 10, 56.5, 2, 14.5, 16.3, 0.486, '2017-06-19', '2017-06-19 10:59:11'),
(190, '蘭花H', 'b10356019', 8, 11, 59, 2, 15.6, 14.6, 0.56, '2017-06-19', '2017-06-19 10:59:35'),
(191, '蘭花I', 'b10356019', 9, 10, 57.4, 2, 14.6, 15.6, 0.567, '2017-06-19', '2017-06-19 11:00:02'),
(192, '蘭花A', 'b10356019', 1, 12, 62, 2, 16.5, 12.7, 0.61, '2017-06-20', '2017-06-20 11:45:59'),
(193, '蘭花B', 'b10356019', 2, 10, 60.9, 2, 15, 15, 0.41, '2017-06-20', '2017-06-20 11:46:21'),
(194, '蘭花C', 'b10356019', 3, 11, 50.6, 2, 14.3, 10.5, 0.51, '2017-06-20', '2017-06-20 11:46:50'),
(195, '蘭花D', 'b10356019', 4, 13, 65.5, 2, 17.9, 17, 0.43, '2017-06-20', '2017-06-20 11:47:15'),
(196, '蘭花E', 'b10356019', 5, 12, 59.1, 2, 16, 16.6, 0.38, '2017-06-20', '2017-06-20 11:47:36'),
(197, '蘭花F', 'b10356019', 6, 11, 61.2, 2, 17, 15.5, 0.56, '2017-06-20', '2017-06-20 11:48:09'),
(198, '蘭花G', 'b10356019', 7, 10, 57.5, 2, 14.8, 16.8, 0.65, '2017-06-20', '2017-06-20 11:48:32'),
(199, '蘭花H', 'b10356019', 8, 11, 58.2, 2, 16.6, 15, 0.61, '2017-06-20', '2017-06-20 11:48:52'),
(200, '蘭花I', 'b10356019', 9, 10, 57.2, 2, 13.4, 16.3, 0.7, '2017-06-20', '2017-06-20 11:49:12'),
(201, '蘭花A', 'b10356019', 1, 12, 60.2, 2, 16.8, 13, 0.74, '2017-06-22', '2017-06-22 11:35:01'),
(202, '蘭花B', 'b10356019', 2, 10, 58.4, 2, 16.2, 15.6, 0.58, '2017-06-22', '2017-06-22 11:35:29'),
(203, '蘭花C', 'b10356019', 3, 11, 51.4, 2, 14.2, 11.2, 0.69, '2017-06-22', '2017-06-22 11:36:49'),
(204, '蘭花E', 'b10356019', 5, 11, 59.4, 2, 15.8, 15.6, 0.48, '2017-06-22', '2017-06-22 11:37:27'),
(205, '蘭花G', 'b10356019', 7, 10, 56.2, 2, 13.9, 16.4, 0.73, '2017-06-22', '2017-06-22 11:37:52'),
(206, '蘭花A', 'b10356019', 1, 12, 61, 2, 17.3, 13.4, 0.74, '2017-06-23', '2017-06-23 05:25:11'),
(207, '蘭花B', 'b10356019', 2, 10, 60.3, 2, 15, 12.5, 0.65, '2017-06-23', '2017-06-23 05:25:56'),
(208, '蘭花C', 'b10356019', 3, 11, 52, 2, 15, 12.5, 0.74, '2017-06-23', '2017-06-23 05:26:11'),
(209, '蘭花E', 'b10356019', 5, 12, 60.7, 2, 16, 16.5, 0.57, '2017-06-23', '2017-06-23 05:26:32'),
(210, '蘭花G', 'b10356019', 7, 10, 60.2, 2, 15.6, 17.6, 0.81, '2017-06-23', '2017-06-23 05:26:44'),
(211, '蘭花A', 'b10356019', 1, 12, 62.5, 2, 16.6, 13, 0.79, '2017-06-24', '2017-06-24 05:28:23'),
(212, '蘭花B', 'b10356019', 2, 10, 59, 2, 16.6, 16.5, 0.7, '2017-06-24', '2017-06-24 05:28:34'),
(213, '蘭花C', 'b10356019', 3, 11, 52, 2, 15, 12, 0.66, '2017-06-24', '2017-06-24 05:28:44'),
(214, '蘭花E', 'b10356019', 5, 12, 61, 2, 15, 17, 0.57, '2017-06-24', '2017-06-24 05:28:58'),
(215, '蘭花G', 'b10356019', 7, 10, 57.6, 2, 15.4, 18.3, 0.84, '2017-06-24', '2017-06-24 05:29:11'),
(216, '蘭花A', 'b10356019', 1, 12, 61.2, 2, 17.9, 14, 0.82, '2017-06-25', '2017-06-25 05:30:28'),
(217, '蘭花B', 'b10356019', 2, 10, 60.3, 2, 16.3, 15.6, 0.78, '2017-06-25', '2017-06-25 05:30:43'),
(218, '蘭花C', 'b10356019', 3, 11, 53.2, 2, 15.8, 11, 0.77, '2017-06-25', '2017-06-25 05:30:58'),
(219, '蘭花E', 'b10356019', 5, 11, 60.1, 2, 16.6, 16.6, 0.64, '2017-06-25', '2017-06-25 05:31:14'),
(220, '蘭花G', 'b10356019', 7, 10, 56.4, 2, 15.9, 18.2, 0.86, '2017-06-25', '2017-06-25 05:31:32'),
(221, '蘭花A', 'b10356019', 1, 12, 60, 2, 15.2, 10.5, 0.97, '2017-06-26', '2017-06-26 05:32:55'),
(222, '蘭花B', 'b10356019', 2, 10, 56.5, 2, 17.9, 14.6, 0.78, '2017-06-26', '2017-06-26 05:33:09'),
(223, '蘭花C', 'b10356019', 3, 11, 49.5, 2, 13, 9, 0.97, '2017-06-26', '2017-06-26 05:33:26'),
(224, '蘭花E', 'b10356019', 5, 11, 59, 2, 15.5, 16, 0.82, '2017-06-26', '2017-06-26 05:33:38'),
(225, '蘭花G', 'b10356019', 7, 10, 57.6, 2, 15, 17.3, 0.97, '2017-06-26', '2017-06-26 05:33:53'),
(226, '蘭花A', 'b10356019', 1, 12, 58.5, 2, 15, 11.5, 1, '2017-06-27', '2017-06-27 05:35:14'),
(227, '蘭花B', 'b10356019', 2, 10, 56, 2, 15, 14, 1, '2017-06-27', '2017-06-27 05:35:28'),
(228, '蘭花C', 'b10356019', 3, 11, 50, 2, 12.5, 8, 1, '2017-06-27', '2017-06-27 05:35:43'),
(229, '蘭花E', 'b10356019', 5, 11, 57.6, 2, 14.5, 15.5, 0.9, '2017-06-27', '2017-06-27 05:35:58'),
(230, '蘭花G', 'b10356019', 7, 10, 55, 2, 13, 15, 1, '2017-06-27', '2017-06-27 05:36:08'),
(231, '蘭花A', 'b10356019', 1, 12, 60.2, 2, 17.6, 15.1, 1, '2017-06-28', '2017-06-28 05:37:26'),
(232, '蘭花B', 'b10356019', 2, 10, 60.4, 2, 18.1, 15.5, 1, '2017-06-28', '2017-06-28 05:37:41'),
(233, '蘭花C', 'b10356019', 3, 11, 53.1, 2, 17, 13.3, 1, '2017-06-28', '2017-06-28 05:37:53'),
(234, '蘭花E', 'b10356019', 5, 11, 60.5, 2, 18, 18.5, 0.95, '2017-06-28', '2017-06-28 05:38:07'),
(235, '蘭花G', 'b10356019', 7, 10, 58.3, 2, 16.4, 18.1, 1, '2017-06-28', '2017-06-28 05:38:21'),
(236, '蘭花A', 'b10356019', 1, 12, 61, 2, 17.6, 13.4, 1, '2017-06-29', '2017-06-29 05:39:39'),
(237, '蘭花B', 'b10356019', 2, 10, 58.6, 2, 17, 16.6, 1, '2017-06-29', '2017-06-29 05:39:48'),
(238, '蘭花C', 'b10356019', 3, 11, 52.2, 2, 15.3, 11.2, 1, '2017-06-29', '2017-06-29 05:40:26'),
(239, '蘭花E', 'b10356019', 5, 12, 60, 2, 16, 16.9, 0.98, '2017-06-29', '2017-06-29 05:40:44'),
(240, '蘭花G', 'b10356019', 7, 10, 55, 2, 14.3, 17.1, 1, '2017-06-29', '2017-06-29 05:40:57'),
(241, '蘭花E', 'b10356019', 5, 12, 61.4, 2, 16, 17, 0.98, '2017-06-30', '2017-06-30 05:42:31'),
(242, '蘭花E', 'b10356019', 5, 11, 62.6, 2, 18.9, 18.9, 1, '2017-07-01', '2017-07-01 05:42:39'),
(243, '蘭花J', 'b10356019', 10, 10, 35.5, 0, 0, 0, 0, '2017-11-24', '2017-11-24 11:57:54'),
(244, '蘭花J', 'b10356019', 10, 10, 36, 2, 6, 5, 0, '2017-11-25', '2017-11-25 04:02:18'),
(245, '蘭花K', 'b10356019', 11, 12, 30.1, 2, 5.3, 3.2, 0, '2017-11-30', '2017-11-30 02:23:16');

-- --------------------------------------------------------

--
-- 資料表結構 `memberdata`
--

CREATE TABLE `memberdata` (
  `m_id` int(255) NOT NULL,
  `m_name` varchar(20) COLLATE utf8_unicode_ci NOT NULL,
  `m_username` varchar(20) COLLATE utf8_unicode_ci NOT NULL,
  `m_passwd` varchar(100) COLLATE utf8_unicode_ci NOT NULL,
  `m_sex` enum('男','女') COLLATE utf8_unicode_ci NOT NULL,
  `m_birthday` date DEFAULT NULL,
  `m_level` enum('admin','member') COLLATE utf8_unicode_ci NOT NULL DEFAULT 'member',
  `m_email` varchar(100) COLLATE utf8_unicode_ci DEFAULT NULL,
  `m_url` varchar(100) COLLATE utf8_unicode_ci DEFAULT NULL,
  `m_phone` varchar(100) COLLATE utf8_unicode_ci DEFAULT NULL,
  `m_address` varchar(100) COLLATE utf8_unicode_ci DEFAULT NULL,
  `m_login` int(255) UNSIGNED NOT NULL DEFAULT '0',
  `m_logintime` datetime DEFAULT NULL,
  `m_jointime` datetime NOT NULL
) ENGINE=InnoDB DEFAULT CHARSET=utf8 COLLATE=utf8_unicode_ci;

--
-- 資料表的匯出資料 `memberdata`
--

INSERT INTO `memberdata` (`m_id`, `m_name`, `m_username`, `m_passwd`, `m_sex`, `m_birthday`, `m_level`, `m_email`, `m_url`, `m_phone`, `m_address`, `m_login`, `m_logintime`, `m_jointime`) VALUES
(1, '系統管理員', 'admin', '21232f297a57a5a743894a0e4a801fc3', '男', NULL, 'admin', NULL, NULL, NULL, NULL, 7, '2008-10-21 12:07:13', '2008-10-20 16:36:15'),
(12, '9527', 'gcobs120399', '4f58111f49e05226933bf1122df4a9ae', '女', '1996-01-20', 'member', 'gcobs120399@gmail.com', '', '', '', 90, '2017-04-27 14:32:49', '2016-07-04 13:18:25'),
(13, '113', 'root12', 'f5948d35adf81357375ec2fe1313259f', '女', '1235-12-23', 'admin', 'gcobs120399@gmail.com', '', '', '', 18, '2016-10-22 09:04:15', '2016-07-04 13:29:24'),
(14, '豐田蘭園', 'b10356019', 'aef24e1def02692cefab5a014a8770d5', '女', '2017-01-03', 'member', '123@yahoo.com.tw', '', '', '', 112, '2017-12-10 08:08:25', '2016-11-14 18:17:10'),
(15, '萬俟和玉', 'adg257p', '377c92bbe8b81606ed934808d2afa2cc', '女', '1996-07-11', 'member', 'adg257p@yahoo.com.tw', '', '', '', 1, '2016-11-15 16:41:11', '2016-11-15 16:41:03'),
(16, 'HTML5', 'abcde', '827ccb0eea8a706c4c34a16891f84e7b', '女', '0000-00-00', 'member', 'emppy_miao511311@yahoo.com.tw', '', '', '', 35, '2017-04-11 16:24:59', '2016-11-15 16:46:20'),
(17, 'rybfvevk', 'uqubbetw', '32cc5886dc1fa8c106a02056292c4654', '女', '0000-00-00', 'member', 'sample@email.tst', '1', '555-666-0606', '3137 Laguna Street', 0, NULL, '2017-06-02 13:55:27'),
(18, 'ruskxfcj', 'jxuitvgr', '32cc5886dc1fa8c106a02056292c4654', '男', '0000-00-00', 'member', 'sample@email.tst', '1', '555-666-0606', '3137 Laguna Street', 0, NULL, '2017-06-02 13:55:27');

-- --------------------------------------------------------

--
-- 資料表結構 `message`
--

CREATE TABLE `message` (
  `s_id` int(255) UNSIGNED NOT NULL,
  `s_name` varchar(100) COLLATE utf8_unicode_ci NOT NULL,
  `s_text` varchar(1000) COLLATE utf8_unicode_ci NOT NULL,
  `s_on` int(255) NOT NULL COMMENT '紀錄文章編號',
  `s_for` varchar(1000) COLLATE utf8_unicode_ci NOT NULL,
  `s_jointime` timestamp NOT NULL DEFAULT CURRENT_TIMESTAMP
) ENGINE=InnoDB DEFAULT CHARSET=utf8 COLLATE=utf8_unicode_ci;

-- --------------------------------------------------------

--
-- 資料表結構 `picture`
--

CREATE TABLE `picture` (
  `p_id` int(255) UNSIGNED NOT NULL,
  `p_username` varchar(255) COLLATE utf8_unicode_ci NOT NULL,
  `filename` varchar(255) COLLATE utf8_unicode_ci NOT NULL COMMENT '檔名',
  `filesize` int(255) NOT NULL COMMENT '檔案大小',
  `filetype` varchar(255) COLLATE utf8_unicode_ci NOT NULL COMMENT '檔案類型',
  `filepic` varchar(255) COLLATE utf8_unicode_ci NOT NULL COMMENT '檔案路徑',
  `p_title` varchar(255) COLLATE utf8_unicode_ci NOT NULL,
  `p_text` varchar(1000) COLLATE utf8_unicode_ci DEFAULT NULL,
  `date` date NOT NULL,
  `p_time` timestamp NULL DEFAULT CURRENT_TIMESTAMP,
  `m_no` int(255) NOT NULL
) ENGINE=InnoDB DEFAULT CHARSET=utf8 COLLATE=utf8_unicode_ci;

--
-- 資料表的匯出資料 `picture`
--

INSERT INTO `picture` (`p_id`, `p_username`, `filename`, `filesize`, `filetype`, `filepic`, `p_title`, `p_text`, `date`, `p_time`, `m_no`) VALUES
(1, 'gcobs120399', '20161210_1344.jpg', 748429, '', 'http://140.127.22.47/orchid/upload/1481422057.jpg', '很漂亮', '', '2016-12-11', '2016-12-11 02:07:37', 12),
(2, 'b10356019', '5860.jpg', 1662094, '', 'http://140.127.22.47/orchid/upload/1481639889.jpg', '2016/12/16晴', '今天查看蘭園，覺得第一次使用這系統，很不錯~', '2016-12-17', '2016-12-17 14:38:09', 14),
(3, 'b10356019', '10943600_783815965025976_406270987_n.jpg', 114983, '', 'http://140.127.22.47/orchid/upload/1484621082.jpg', '今日的蘭花', '蘭花採收', '2017-01-17', '2017-01-17 02:44:42', 14),
(4, 'b10356019', 'QlWekvo.jpg', 27487, '', 'http://140.127.22.47/orchid/upload/1511531286.jpg', '123', '123', '0000-00-00', '2017-11-24 13:48:06', 14);

-- --------------------------------------------------------

--
-- 資料表結構 `reply`
--

CREATE TABLE `reply` (
  `r_id` int(255) UNSIGNED NOT NULL,
  `r_name` varchar(100) COLLATE utf8_unicode_ci NOT NULL,
  `r_text` varchar(1000) COLLATE utf8_unicode_ci NOT NULL,
  `r_no` int(255) NOT NULL COMMENT '紀錄留言編號',
  `r_dn` int(255) NOT NULL COMMENT '紀錄文章編號',
  `r_jointime` timestamp NOT NULL DEFAULT CURRENT_TIMESTAMP
) ENGINE=InnoDB DEFAULT CHARSET=utf8 COLLATE=utf8_unicode_ci;

-- --------------------------------------------------------

--
-- 資料表結構 `_center`
--

CREATE TABLE `_center` (
  `id` int(11) NOT NULL,
  `battery_1` varchar(11) COLLATE utf8_unicode_ci NOT NULL COMMENT '電池電壓',
  `temp_1` varchar(11) COLLATE utf8_unicode_ci NOT NULL COMMENT '環境溫度',
  `humi_1` varchar(11) COLLATE utf8_unicode_ci NOT NULL COMMENT '環境濕度',
  `battery_2` varchar(11) COLLATE utf8_unicode_ci NOT NULL COMMENT '電池電壓',
  `temp_2` varchar(11) COLLATE utf8_unicode_ci NOT NULL COMMENT '環境溫度',
  `humi_2` varchar(11) COLLATE utf8_unicode_ci NOT NULL COMMENT '環境濕度',
  `battery_3` varchar(11) COLLATE utf8_unicode_ci NOT NULL COMMENT '電池電壓',
  `temp_3` varchar(11) COLLATE utf8_unicode_ci NOT NULL COMMENT '環境溫度',
  `humi_3` varchar(11) COLLATE utf8_unicode_ci NOT NULL COMMENT '環境濕度',
  `light_1` varchar(11) COLLATE utf8_unicode_ci NOT NULL COMMENT '照度',
  `date` varchar(30) COLLATE utf8_unicode_ci NOT NULL COMMENT '時間'
) ENGINE=InnoDB DEFAULT CHARSET=utf8 COLLATE=utf8_unicode_ci;

--
-- 資料表的匯出資料 `_center`
--

INSERT INTO `_center` (`id`, `battery_1`, `temp_1`, `humi_1`, `battery_2`, `temp_2`, `humi_2`, `battery_3`, `temp_3`, `humi_3`, `light_1`, `date`) VALUES
(15090, '0.00', '0.00', '0.00', '30.54', '25.60', '97.30', '30.54', '25.92', '100.00', '11.17', '2017/05/31, 06:50:47'),
(15091, '0.00', '0.00', '0.00', '30.54', '25.96', '97.39', '30.54', '26.40', '100.00', '12.00', '2017/05/31, 07:20:47'),
(15092, '0.00', '0.00', '0.00', '30.54', '27.36', '97.04', '30.54', '27.36', '100.00', '7.15', '2017/05/31, 07:50:47'),
(15093, '0.00', '0.00', '0.00', '30.54', '27.88', '97.54', '30.54', '27.76', '100.00', '24.65', '2017/05/31, 08:20:47'),
(15094, '0.00', '0.00', '0.00', '30.54', '29.56', '96.12', '30.54', '28.08', '100.00', '12.43', '2017/05/31, 08:50:47'),
(15095, '0.00', '0.00', '0.00', '30.54', '29.20', '93.42', '30.54', '28.20', '100.00', '17.90', '2017/05/31, 09:20:47'),
(15096, '0.00', '0.00', '0.00', '30.54', '30.48', '90.18', '30.54', '28.92', '100.00', '23.12', '2017/05/31, 09:50:47'),
(15097, '0.00', '0.00', '0.00', '30.54', '32.16', '80.99', '30.54', '30.24', '100.00', '25.93', '2017/05/31, 10:20:47'),
(15098, '0.00', '0.00', '0.00', '30.54', '34.20', '73.36', '30.54', '31.56', '100.00', '31.70', '2017/05/31, 10:50:47'),
(15099, '0.00', '0.00', '0.00', '30.54', '35.48', '67.53', '30.54', '33.04', '99.96', '30.47', '2017/05/31, 11:20:47'),
(15100, '0.00', '0.00', '0.00', '30.54', '36.67', '61.78', '30.54', '33.80', '97.18', '36.40', '2017/05/31, 11:50:47'),
(15101, '0.00', '0.00', '0.00', '30.54', '36.99', '59.74', '30.54', '35.16', '94.42', '40.02', '2017/05/31, 12:20:47'),
(15102, '0.00', '0.00', '0.00', '30.54', '37.47', '56.34', '30.54', '36.35', '80.13', '34.34', '2017/05/31, 12:50:47'),
(15103, '0.00', '0.00', '0.00', '30.54', '38.46', '54.32', '30.54', '38.54', '63.98', '38.81', '2017/05/31, 13:20:47'),
(15104, '0.00', '0.00', '0.00', '30.54', '38.66', '53.34', '30.54', '39.06', '60.03', '88.99', '2017/05/31, 13:50:47'),
(15105, '0.00', '0.00', '0.00', '30.54', '38.30', '52.27', '30.54', '39.97', '55.54', '124.47', '2017/05/31, 14:20:47'),
(15106, '0.00', '0.00', '0.00', '30.54', '38.10', '50.05', '30.54', '39.97', '55.54', '64.69', '2017/05/31, 14:50:47'),
(15107, '0.00', '0.00', '0.00', '30.54', '37.07', '50.96', '30.54', '38.94', '52.36', '41.63', '2017/05/31, 15:20:47'),
(15108, '0.00', '0.00', '0.00', '30.54', '35.44', '53.43', '30.54', '36.59', '56.22', '47.22', '2017/05/31, 15:50:47'),
(15109, '0.00', '0.00', '0.00', '30.54', '35.12', '53.89', '30.54', '35.24', '59.01', '94.01', '2017/05/31, 16:20:47'),
(15110, '0.00', '0.00', '0.00', '30.54', '35.00', '52.87', '30.54', '35.64', '55.48', '28.73', '2017/05/31, 16:50:47'),
(15111, '0.00', '0.00', '0.00', '30.54', '34.72', '54.35', '30.54', '34.32', '57.89', '8.68', '2017/05/31, 17:20:47'),
(15112, '0.00', '0.00', '0.00', '30.54', '30.12', '64.67', '30.54', '30.52', '67.14', '2.45', '2017/05/31, 18:50:47'),
(15113, '0.00', '0.00', '0.00', '30.54', '28.68', '69.15', '30.54', '29.36', '71.13', '2.44', '2017/05/31, 19:20:47'),
(15114, '0.00', '0.00', '0.00', '30.54', '25.88', '80.58', '30.54', '26.64', '80.32', '2.44', '2017/05/31, 20:50:47'),
(15115, '0.00', '0.00', '0.00', '30.54', '25.24', '84.59', '30.54', '26.00', '83.53', '2.46', '2017/05/31, 21:20:47'),
(15116, '0.00', '0.00', '0.00', '30.54', '25.44', '87.45', '30.54', '25.72', '86.31', '2.46', '2017/05/31, 21:50:47'),
(15117, '0.00', '0.00', '0.00', '30.54', '25.52', '88.64', '30.54', '25.76', '88.70', '2.43', '2017/05/31, 22:20:47'),
(15118, '0.00', '0.00', '0.00', '30.54', '25.68', '89.47', '30.54', '25.88', '89.91', '2.44', '2017/05/31, 22:50:47'),
(15119, '0.00', '0.00', '0.00', '30.54', '25.44', '89.41', '30.54', '26.00', '90.71', '2.43', '2017/05/31, 23:20:47'),
(15120, '0.00', '0.00', '0.00', '30.54', '25.40', '90.56', '30.54', '25.84', '91.43', '2.44', '2017/05/31, 23:50:47'),
(15121, '0.00', '0.00', '0.00', '30.54', '25.32', '91.30', '30.54', '25.84', '92.19', '2.44', '2017/06/01, 00:20:47'),
(15122, '0.00', '0.00', '0.00', '30.54', '25.04', '91.61', '30.54', '25.64', '92.14', '2.43', '2017/06/01, 00:50:47'),
(15123, '0.00', '0.00', '0.00', '30.54', '24.79', '92.32', '30.54', '25.40', '92.85', '2.44', '2017/06/01, 01:20:47'),
(15124, '0.00', '0.00', '0.00', '30.54', '24.91', '93.10', '30.54', '25.28', '93.57', '2.47', '2017/06/01, 01:50:47'),
(15125, '0.00', '0.00', '0.00', '30.54', '24.95', '94.23', '30.54', '25.52', '96.56', '2.45', '2017/06/01, 02:20:47'),
(15126, '0.00', '0.00', '0.00', '30.54', '24.79', '94.19', '30.54', '25.44', '97.98', '2.46', '2017/06/01, 02:50:47'),
(15127, '0.00', '0.00', '0.00', '30.54', '24.55', '94.87', '30.54', '25.12', '97.90', '2.45', '2017/06/01, 03:20:47'),
(15128, '0.00', '0.00', '0.00', '30.54', '24.31', '94.81', '30.54', '24.91', '98.20', '2.46', '2017/06/01, 03:50:47'),
(15129, '0.00', '0.00', '0.00', '30.54', '24.15', '95.49', '30.54', '24.63', '98.49', '2.44', '2017/06/01, 04:20:47'),
(15130, '0.00', '0.00', '0.00', '30.54', '24.07', '95.83', '30.54', '24.55', '98.46', '2.47', '2017/06/01, 04:50:47'),
(15131, '0.00', '0.00', '0.00', '30.54', '24.31', '96.26', '30.54', '24.63', '99.19', '2.56', '2017/06/01, 05:20:47'),
(15132, '0.00', '0.00', '0.00', '30.54', '24.59', '96.33', '30.54', '24.83', '99.24', '2.80', '2017/06/01, 05:50:47'),
(15133, '0.00', '0.00', '0.00', '30.54', '24.55', '96.32', '30.54', '24.95', '99.27', '3.40', '2017/06/01, 06:20:47'),
(15134, '0.00', '0.00', '0.00', '30.54', '24.71', '96.36', '30.54', '24.99', '99.28', '7.56', '2017/06/01, 06:50:47'),
(15135, '0.00', '0.00', '0.00', '30.54', '24.87', '96.77', '30.54', '25.04', '99.29', '14.52', '2017/06/01, 07:20:47'),
(15136, '0.00', '0.00', '0.00', '30.54', '26.20', '96.74', '30.54', '25.56', '99.43', '7.80', '2017/06/01, 07:50:47'),
(15137, '0.00', '0.00', '0.00', '30.54', '25.76', '95.90', '30.54', '26.56', '99.70', '10.11', '2017/06/01, 08:20:47'),
(15138, '0.00', '0.00', '0.00', '30.54', '25.56', '96.57', '30.54', '25.68', '99.46', '17.28', '2017/06/01, 08:50:47'),
(15139, '0.00', '0.00', '0.00', '30.54', '27.60', '96.74', '30.54', '26.08', '99.57', '11.45', '2017/06/01, 09:20:47'),
(15140, '0.00', '0.00', '0.00', '30.54', '26.88', '96.55', '30.54', '27.20', '99.87', '29.03', '2017/06/01, 09:50:47'),
(15141, '0.00', '0.00', '0.00', '30.54', '29.24', '96.04', '30.54', '27.56', '99.97', '17.94', '2017/06/01, 10:20:47'),
(15142, '0.00', '0.00', '0.00', '30.54', '31.04', '95.01', '30.54', '29.12', '99.69', '14.58', '2017/06/01, 10:50:47'),
(15143, '0.00', '0.00', '0.00', '30.54', '31.44', '86.76', '30.54', '29.64', '99.83', '37.63', '2017/06/01, 11:20:47'),
(15144, '0.00', '0.00', '0.00', '30.54', '31.12', '83.77', '30.54', '30.00', '99.93', '10.03', '2017/06/01, 11:50:47'),
(15145, '0.00', '0.00', '0.00', '30.54', '28.80', '89.00', '30.54', '29.48', '99.78', '29.39', '2017/06/01, 12:20:47'),
(15146, '0.00', '0.00', '0.00', '30.54', '30.20', '89.32', '30.54', '28.80', '99.60', '4.42', '2017/06/01, 12:50:47'),
(15147, '0.00', '0.00', '0.00', '30.54', '27.04', '88.59', '30.54', '29.20', '99.71', '6.16', '2017/06/01, 13:20:47'),
(15148, '0.00', '0.00', '0.00', '30.54', '25.88', '93.72', '30.54', '26.48', '97.53', '8.78', '2017/06/01, 13:50:47'),
(15149, '0.00', '0.00', '0.00', '30.54', '25.92', '95.21', '30.54', '26.20', '99.25', '26.53', '2017/06/01, 14:20:47'),
(15150, '0.00', '0.00', '0.00', '30.54', '27.04', '96.24', '30.54', '26.48', '99.67', '25.65', '2017/06/01, 14:50:47'),
(15151, '0.00', '0.00', '0.00', '30.54', '28.32', '95.81', '30.54', '27.56', '99.97', '6.92', '2017/06/01, 15:20:47'),
(15152, '0.00', '0.00', '0.00', '30.54', '27.36', '94.09', '30.54', '28.16', '100.00', '10.98', '2017/06/01, 15:50:47'),
(15153, '0.00', '0.00', '0.00', '30.54', '27.16', '95.52', '30.54', '27.52', '99.96', '5.49', '2017/06/01, 16:20:47'),
(15154, '0.00', '0.00', '0.00', '30.54', '27.28', '96.30', '30.54', '27.28', '99.89', '8.13', '2017/06/01, 16:50:47'),
(15155, '0.00', '0.00', '0.00', '30.54', '27.12', '96.26', '30.54', '27.48', '99.94', '5.78', '2017/06/01, 17:20:47'),
(15156, '0.00', '0.00', '0.00', '30.54', '26.92', '96.20', '30.54', '27.36', '99.91', '5.46', '2017/06/01, 17:50:47'),
(15157, '0.00', '0.00', '0.00', '30.54', '26.72', '96.15', '30.54', '27.00', '100.00', '2.50', '2017/06/01, 18:20:47'),
(15158, '0.00', '0.00', '0.00', '30.54', '26.64', '96.49', '30.54', '26.88', '100.00', '2.45', '2017/06/01, 18:50:47'),
(15159, '0.00', '0.00', '0.00', '30.54', '26.64', '96.85', '30.54', '26.80', '100.00', '2.45', '2017/06/01, 19:20:47'),
(15160, '0.00', '0.00', '0.00', '30.54', '26.72', '96.87', '30.54', '26.72', '100.00', '2.44', '2017/06/01, 19:50:47'),
(15161, '0.00', '0.00', '0.00', '30.54', '26.80', '96.89', '30.54', '26.72', '100.00', '2.45', '2017/06/01, 20:20:47'),
(15162, '0.00', '0.00', '0.00', '30.54', '26.76', '96.88', '30.54', '26.76', '100.00', '2.44', '2017/06/01, 20:50:47'),
(15163, '0.00', '0.00', '0.00', '30.54', '26.72', '96.87', '30.54', '26.72', '100.00', '2.44', '2017/06/01, 21:20:47'),
(15164, '0.00', '0.00', '0.00', '30.54', '26.56', '96.83', '30.54', '26.72', '100.00', '2.44', '2017/06/01, 21:50:47'),
(15165, '0.00', '0.00', '0.00', '30.54', '26.56', '96.83', '30.54', '26.68', '100.00', '2.45', '2017/06/01, 22:20:47'),
(15166, '0.00', '0.00', '0.00', '30.54', '26.56', '97.20', '30.54', '26.72', '100.00', '2.45', '2017/06/01, 22:50:47'),
(15167, '0.00', '0.00', '0.00', '30.54', '26.48', '97.18', '30.54', '26.64', '100.00', '2.44', '2017/06/01, 23:20:47'),
(15168, '0.00', '0.00', '0.00', '30.54', '26.40', '97.51', '30.54', '26.64', '100.00', '2.46', '2017/06/01, 23:50:47'),
(15169, '0.00', '0.00', '0.00', '30.54', '26.24', '97.47', '30.54', '26.56', '100.00', '2.44', '2017/06/02, 00:20:47'),
(15170, '0.00', '0.00', '0.00', '30.54', '26.40', '97.51', '30.54', '26.44', '100.00', '2.45', '2017/06/02, 00:50:47'),
(15171, '0.00', '0.00', '0.00', '30.54', '26.56', '97.55', '30.54', '26.60', '100.00', '2.43', '2017/06/02, 01:20:47'),
(15172, '0.00', '0.00', '0.00', '30.54', '26.52', '97.54', '30.54', '26.52', '100.00', '2.45', '2017/06/02, 01:50:47'),
(15173, '0.00', '0.00', '0.00', '30.54', '26.48', '97.53', '30.54', '26.36', '100.00', '2.46', '2017/06/02, 02:20:47'),
(15174, '0.00', '0.00', '0.00', '30.54', '26.52', '96.82', '30.54', '26.24', '100.00', '2.44', '2017/06/02, 03:50:48'),
(15175, '0.00', '0.00', '0.00', '30.54', '26.24', '96.03', '30.54', '26.12', '100.00', '2.54', '2017/06/02, 05:20:47'),
(15176, '0.00', '0.00', '0.00', '30.54', '26.24', '97.47', '30.54', '26.28', '100.00', '5.70', '2017/06/02, 06:50:48'),
(15177, '0.00', '0.00', '0.00', '30.54', '26.56', '97.55', '30.54', '26.60', '100.00', '5.97', '2017/06/02, 07:20:48'),
(15178, '0.00', '0.00', '0.00', '30.54', '27.00', '97.67', '30.54', '27.04', '100.00', '5.59', '2017/06/02, 07:50:47'),
(15179, '0.00', '0.00', '0.00', '30.54', '27.00', '97.67', '30.54', '27.04', '100.00', '5.38', '2017/06/02, 08:20:48'),
(15180, '0.00', '0.00', '0.00', '30.54', '27.00', '97.67', '30.54', '27.12', '100.00', '9.57', '2017/06/02, 08:50:48'),
(15181, '0.00', '0.00', '0.00', '30.54', '27.12', '97.70', '30.54', '27.32', '100.00', '6.47', '2017/06/02, 09:20:48'),
(15182, '0.00', '0.00', '0.00', '30.54', '27.48', '97.79', '30.54', '27.40', '100.00', '13.13', '2017/06/02, 09:50:48'),
(15183, '0.00', '0.00', '0.00', '30.54', '27.88', '97.17', '30.54', '28.04', '100.00', '22.38', '2017/06/02, 10:20:48'),
(15184, '0.00', '0.00', '0.00', '30.54', '28.96', '95.23', '30.54', '27.40', '100.00', '18.48', '2017/06/02, 10:50:48'),
(15185, '0.00', '0.00', '0.00', '30.54', '27.92', '93.48', '30.54', '28.20', '100.00', '49.76', '2017/06/02, 11:20:48'),
(15186, '0.00', '0.00', '0.00', '30.54', '29.20', '96.03', '30.54', '29.48', '100.00', '35.23', '2017/06/02, 11:50:48'),
(15187, '0.00', '0.00', '0.00', '30.54', '30.96', '86.25', '30.54', '29.88', '100.00', '34.95', '2017/06/02, 12:20:48'),
(15188, '0.00', '0.00', '0.00', '30.54', '31.96', '83.54', '30.54', '29.04', '100.00', '23.70', '2017/06/02, 12:50:48'),
(15189, '0.00', '0.00', '0.00', '30.54', '30.08', '86.46', '30.54', '29.04', '100.00', '20.48', '2017/06/02, 13:20:48'),
(15190, '0.00', '0.00', '0.00', '30.54', '30.16', '85.67', '30.54', '29.36', '100.00', '18.70', '2017/06/02, 13:50:48'),
(15191, '0.00', '0.00', '0.00', '30.54', '30.48', '84.51', '30.54', '28.80', '99.95', '11.66', '2017/06/02, 14:20:48'),
(15192, '0.00', '0.00', '0.00', '30.54', '28.40', '92.80', '30.47', '28.28', '100.00', '11.35', '2017/06/02, 15:50:48'),
(15193, '0.00', '0.00', '0.00', '30.54', '27.44', '91.43', '30.43', '27.20', '99.87', '7.12', '2017/06/02, 17:20:48'),
(15194, '0.00', '0.00', '0.00', '30.54', '27.16', '95.52', '30.36', '27.16', '100.00', '3.41', '2017/06/02, 17:50:48'),
(15195, '0.00', '0.00', '0.00', '30.54', '27.12', '95.89', '30.34', '27.20', '100.00', '2.93', '2017/06/02, 18:20:48'),
(15196, '0.00', '0.00', '0.00', '30.54', '27.16', '96.27', '30.34', '27.04', '100.00', '2.45', '2017/06/02, 18:50:48'),
(15197, '0.00', '0.00', '0.00', '30.54', '26.88', '95.82', '30.32', '26.80', '100.00', '2.44', '2017/06/02, 19:20:48'),
(15198, '0.00', '0.00', '0.00', '30.54', '26.60', '96.48', '30.32', '26.88', '100.00', '2.44', '2017/06/02, 19:50:48'),
(15199, '0.00', '0.00', '0.00', '30.54', '26.72', '96.87', '30.34', '26.88', '100.00', '2.45', '2017/06/02, 20:20:48'),
(15200, '0.00', '0.00', '0.00', '30.54', '26.68', '96.86', '30.30', '26.88', '100.00', '2.45', '2017/06/02, 20:50:48'),
(15201, '0.00', '0.00', '0.00', '30.54', '26.56', '96.83', '30.30', '26.80', '100.00', '2.45', '2017/06/02, 21:20:48'),
(15202, '0.00', '0.00', '0.00', '30.54', '26.64', '97.22', '30.30', '26.88', '100.00', '2.44', '2017/06/02, 21:50:48'),
(15203, '0.00', '0.00', '0.00', '30.54', '26.68', '97.58', '30.33', '26.88', '100.00', '2.44', '2017/06/02, 22:20:48'),
(15204, '0.00', '0.00', '0.00', '30.54', '26.72', '97.59', '30.28', '26.88', '100.00', '2.45', '2017/06/02, 22:50:48'),
(15205, '0.00', '0.00', '0.00', '30.54', '26.72', '97.59', '30.27', '26.92', '100.00', '2.45', '2017/06/02, 23:20:48'),
(15206, '0.00', '0.00', '0.00', '30.54', '26.80', '97.61', '30.29', '26.96', '100.00', '2.45', '2017/06/02, 23:50:48'),
(15207, '0.00', '0.00', '0.00', '30.54', '27.12', '97.70', '30.22', '27.04', '100.00', '2.43', '2017/06/03, 01:20:48'),
(15208, '0.00', '0.00', '0.00', '30.54', '27.28', '97.74', '30.25', '27.00', '100.00', '2.43', '2017/06/03, 01:50:48'),
(15209, '0.00', '0.00', '0.00', '30.54', '27.28', '97.74', '30.24', '27.04', '100.00', '2.44', '2017/06/03, 02:20:48'),
(15210, '0.00', '0.00', '0.00', '30.54', '27.28', '97.39', '30.20', '26.96', '100.00', '2.44', '2017/06/03, 02:50:48'),
(15211, '0.00', '0.00', '0.00', '30.54', '27.24', '97.38', '30.25', '27.00', '100.00', '2.45', '2017/06/03, 03:20:48'),
(15212, '0.00', '0.00', '0.00', '30.54', '27.20', '97.00', '30.25', '26.92', '100.00', '2.45', '2017/06/03, 03:50:48'),
(15213, '0.00', '0.00', '0.00', '30.54', '26.88', '97.28', '30.22', '26.96', '100.00', '2.45', '2017/06/03, 04:20:48'),
(15214, '0.00', '0.00', '0.00', '30.54', '26.84', '97.62', '30.25', '26.92', '100.00', '2.46', '2017/06/03, 04:50:48'),
(15215, '0.00', '0.00', '0.00', '30.54', '26.80', '97.61', '30.19', '26.96', '100.00', '2.48', '2017/06/03, 05:20:48'),
(15216, '0.00', '0.00', '0.00', '30.54', '26.84', '97.62', '30.16', '25.88', '100.00', '2.52', '2017/06/03, 05:50:48'),
(15217, '0.00', '0.00', '0.00', '30.54', '25.76', '96.99', '30.18', '25.88', '100.00', '2.84', '2017/06/03, 06:20:48'),
(15218, '0.00', '0.00', '0.00', '30.54', '25.72', '97.33', '30.17', '26.00', '100.00', '3.64', '2017/06/03, 06:50:48'),
(15219, '0.00', '0.00', '0.00', '30.54', '25.96', '97.75', '30.19', '26.40', '100.00', '4.14', '2017/06/03, 07:20:48'),
(15220, '0.00', '0.00', '0.00', '30.54', '26.52', '97.90', '30.18', '27.12', '100.00', '13.26', '2017/06/03, 07:50:48'),
(15221, '0.00', '0.00', '0.00', '30.54', '29.20', '97.52', '30.19', '28.44', '100.00', '13.85', '2017/06/03, 09:20:48'),
(15222, '0.00', '0.00', '0.00', '30.54', '29.52', '97.60', '30.22', '28.72', '100.00', '8.51', '2017/06/03, 09:50:48'),
(15223, '0.00', '0.00', '0.00', '30.54', '28.88', '94.47', '30.19', '28.04', '100.00', '10.29', '2017/06/03, 10:20:48'),
(15224, '0.00', '0.00', '0.00', '30.54', '28.00', '95.73', '30.16', '27.80', '100.00', '9.83', '2017/06/03, 10:50:48'),
(15225, '0.00', '0.00', '0.00', '30.54', '27.84', '96.44', '30.19', '27.68', '100.00', '5.70', '2017/06/03, 11:20:48'),
(15226, '0.00', '0.00', '0.00', '30.54', '27.60', '96.74', '30.16', '27.52', '100.00', '9.01', '2017/06/03, 11:50:48'),
(15227, '0.00', '0.00', '0.00', '30.54', '27.76', '96.78', '30.13', '27.96', '100.00', '16.76', '2017/06/03, 12:20:48'),
(15228, '0.00', '0.00', '0.00', '30.54', '28.60', '95.88', '30.16', '28.00', '100.00', '11.46', '2017/06/03, 12:50:48'),
(15229, '0.00', '0.00', '0.00', '30.54', '28.76', '94.06', '30.17', '28.20', '100.00', '9.07', '2017/06/03, 13:20:48'),
(15230, '0.00', '0.00', '0.00', '30.54', '29.04', '93.38', '30.13', '28.48', '100.00', '7.46', '2017/06/03, 13:50:48'),
(15231, '0.00', '0.00', '0.00', '30.54', '29.44', '91.53', '30.16', '28.48', '100.00', '10.41', '2017/06/03, 14:20:48'),
(15232, '0.00', '0.00', '0.00', '30.54', '29.64', '89.98', '30.19', '28.60', '100.00', '14.74', '2017/06/03, 14:50:48'),
(15233, '0.00', '0.00', '0.00', '30.54', '29.72', '88.82', '30.18', '28.48', '100.00', '6.56', '2017/06/03, 15:20:48'),
(15234, '0.00', '0.00', '0.00', '30.54', '29.48', '88.38', '30.13', '28.24', '100.00', '6.05', '2017/06/03, 15:50:48'),
(15235, '0.00', '0.00', '0.00', '30.54', '29.28', '89.11', '30.16', '28.24', '100.00', '6.59', '2017/06/03, 16:20:48'),
(15236, '0.00', '0.00', '0.00', '30.54', '29.36', '89.13', '30.14', '28.12', '100.00', '8.90', '2017/06/03, 16:50:48'),
(15237, '0.00', '0.00', '0.00', '30.54', '28.76', '89.78', '30.13', '27.92', '100.00', '7.66', '2017/06/03, 17:20:48'),
(15238, '0.00', '0.00', '0.00', '30.54', '28.80', '89.79', '30.13', '27.76', '100.00', '2.63', '2017/06/03, 17:50:48'),
(15239, '0.00', '0.00', '0.00', '30.54', '27.84', '92.67', '30.08', '27.48', '100.00', '2.53', '2017/06/03, 18:20:48'),
(15240, '0.00', '0.00', '0.00', '30.54', '27.44', '94.85', '30.12', '27.40', '100.00', '2.43', '2017/06/03, 18:50:48'),
(15241, '0.00', '0.00', '0.00', '30.54', '27.48', '95.98', '30.10', '27.40', '100.00', '2.44', '2017/06/03, 19:20:48'),
(15242, '0.00', '0.00', '0.00', '30.54', '27.44', '96.34', '30.10', '27.36', '100.00', '2.44', '2017/06/03, 19:50:48'),
(15243, '0.00', '0.00', '0.00', '30.54', '27.56', '96.37', '30.08', '27.40', '100.00', '2.44', '2017/06/03, 20:20:48'),
(15244, '0.00', '0.00', '0.00', '30.54', '27.64', '96.39', '30.12', '27.36', '100.00', '2.42', '2017/06/03, 20:50:48'),
(15245, '0.00', '0.00', '0.00', '30.54', '27.52', '96.36', '30.10', '27.28', '100.00', '2.47', '2017/06/03, 21:20:48'),
(15246, '0.00', '0.00', '0.00', '30.54', '27.20', '96.28', '30.07', '27.16', '100.00', '2.45', '2017/06/03, 21:50:48'),
(15247, '0.00', '0.00', '0.00', '30.54', '27.08', '96.97', '30.08', '27.12', '100.00', '2.42', '2017/06/03, 22:20:48'),
(15248, '0.00', '0.00', '0.00', '30.54', '27.08', '97.69', '30.07', '27.16', '100.00', '2.45', '2017/06/03, 23:50:48'),
(15250, '0.00', '0.00', '0.00', '30.54', '27.12', '97.70', '30.04', '27.20', '100.00', '2.43', '2017/06/04, 00:50:48'),
(15251, '0.00', '0.00', '0.00', '30.54', '27.00', '97.67', '30.06', '26.48', '100.00', '2.43', '2017/06/04, 01:20:48'),
(15252, '0.00', '0.00', '0.00', '30.54', '25.76', '96.62', '30.01', '25.68', '100.00', '0.00', '2017/06/04, 01:50:48'),
(15253, '0.00', '0.00', '0.00', '30.54', '25.36', '97.24', '30.01', '25.52', '100.00', '0.00', '2017/06/04, 02:20:48'),
(15254, '0.00', '0.00', '0.00', '30.54', '25.24', '97.21', '30.01', '25.64', '100.00', '0.00', '2017/06/04, 02:50:48'),
(15255, '0.00', '0.00', '0.00', '30.54', '25.32', '97.95', '30.02', '25.68', '100.00', '0.00', '2017/06/04, 03:20:48'),
(15256, '0.00', '0.00', '0.00', '30.54', '25.36', '97.96', '30.01', '25.60', '100.00', '0.00', '2017/06/04, 03:50:48'),
(15257, '0.00', '0.00', '0.00', '30.54', '24.99', '97.87', '29.98', '25.12', '100.00', '0.00', '2017/06/04, 04:20:48'),
(15258, '0.00', '0.00', '0.00', '30.54', '24.43', '97.73', '29.98', '24.75', '100.00', '0.00', '2017/06/04, 04:50:48'),
(15259, '0.00', '0.00', '0.00', '30.54', '24.39', '97.72', '29.94', '24.79', '100.00', '0.00', '2017/06/04, 05:20:48'),
(15260, '0.00', '0.00', '0.00', '30.54', '24.47', '97.74', '29.95', '24.87', '100.00', '0.00', '2017/06/04, 05:50:48'),
(15261, '0.00', '0.00', '0.00', '30.54', '24.79', '97.82', '29.92', '25.12', '100.00', '0.00', '2017/06/04, 06:20:48'),
(15262, '0.00', '0.00', '0.00', '30.54', '25.12', '97.90', '29.95', '25.48', '100.00', '0.00', '2017/06/04, 06:50:48'),
(15263, '0.00', '0.00', '0.00', '30.54', '25.20', '98.27', '29.95', '25.40', '100.00', '0.00', '2017/06/04, 07:20:48'),
(15264, '0.00', '0.00', '0.00', '30.54', '25.16', '98.26', '29.92', '25.52', '100.00', '0.00', '2017/06/04, 07:50:48'),
(15265, '0.00', '0.00', '0.00', '30.54', '25.28', '98.29', '29.89', '25.52', '100.00', '0.00', '2017/06/04, 08:20:48'),
(15266, '0.00', '0.00', '0.00', '30.54', '25.20', '98.27', '29.89', '25.36', '100.00', '0.00', '2017/06/04, 08:50:48'),
(15267, '0.00', '0.00', '0.00', '30.54', '25.16', '98.26', '29.89', '25.52', '100.00', '0.00', '2017/06/04, 09:20:48'),
(15268, '0.00', '0.00', '0.00', '30.54', '25.24', '98.28', '29.92', '25.40', '100.00', '0.00', '2017/06/04, 09:50:48'),
(15269, '0.00', '0.00', '0.00', '30.54', '25.16', '98.26', '29.86', '25.40', '100.00', '0.00', '2017/06/04, 10:20:48'),
(15270, '0.00', '0.00', '0.00', '30.54', '25.08', '98.24', '29.86', '25.28', '100.00', '0.00', '2017/06/04, 10:50:48'),
(15271, '0.00', '0.00', '0.00', '30.54', '25.12', '98.61', '29.84', '25.32', '100.00', '0.00', '2017/06/04, 11:20:48'),
(15272, '0.00', '0.00', '0.00', '30.54', '25.28', '98.29', '29.84', '25.32', '100.00', '0.00', '2017/06/04, 11:50:48'),
(15273, '0.00', '0.00', '0.00', '30.54', '25.64', '98.39', '29.84', '25.80', '100.00', '0.00', '2017/06/04, 12:20:48'),
(15274, '0.00', '0.00', '0.00', '30.54', '25.84', '98.08', '29.83', '26.04', '100.00', '0.00', '2017/06/04, 12:50:48'),
(15275, '0.00', '0.00', '0.00', '30.54', '26.20', '98.18', '29.88', '26.40', '100.00', '0.00', '2017/06/04, 13:20:48'),
(15276, '0.00', '0.00', '0.00', '30.54', '26.60', '98.28', '29.84', '26.84', '100.00', '0.00', '2017/06/04, 13:50:48'),
(15277, '0.00', '0.00', '0.00', '30.54', '28.08', '97.95', '29.87', '28.32', '100.00', '0.00', '2017/06/04, 14:20:48'),
(15278, '0.00', '0.00', '0.00', '30.54', '31.44', '96.59', '29.93', '30.56', '100.00', '0.00', '2017/06/04, 14:50:48'),
(15279, '0.00', '0.00', '0.00', '30.54', '31.12', '98.02', '29.92', '29.60', '100.00', '0.00', '2017/06/04, 15:20:48'),
(15280, '0.00', '0.00', '0.00', '30.54', '29.72', '97.65', '29.92', '26.96', '100.00', '0.00', '2017/06/04, 15:50:48'),
(15281, '0.00', '0.00', '0.00', '30.54', '25.04', '93.51', '29.81', '24.83', '100.00', '0.00', '2017/06/04, 16:20:48'),
(15282, '0.00', '0.00', '0.00', '30.54', '24.47', '96.30', '29.78', '24.71', '100.00', '0.00', '2017/06/04, 16:50:48'),
(15283, '0.00', '0.00', '0.00', '30.54', '24.39', '97.00', '29.78', '24.71', '100.00', '0.00', '2017/06/04, 17:20:48'),
(15284, '0.00', '0.00', '0.00', '30.54', '24.39', '97.72', '29.81', '24.87', '100.00', '0.00', '2017/06/04, 17:50:48'),
(15285, '0.00', '0.00', '0.00', '30.54', '24.71', '97.80', '29.81', '25.12', '100.00', '0.00', '2017/06/04, 18:20:48'),
(15286, '0.00', '0.00', '0.00', '30.54', '24.71', '97.80', '29.77', '25.04', '100.00', '0.00', '2017/06/04, 18:50:48'),
(15287, '0.00', '0.00', '0.00', '30.54', '24.75', '97.81', '29.77', '25.04', '100.00', '0.00', '2017/06/04, 19:20:48'),
(15288, '0.00', '0.00', '0.00', '30.54', '24.87', '98.19', '29.78', '25.08', '100.00', '0.00', '2017/06/04, 20:50:48'),
(15289, '0.00', '0.00', '0.00', '30.54', '24.91', '98.20', '29.72', '25.16', '100.00', '0.00', '2017/06/04, 21:20:48'),
(15290, '0.00', '0.00', '0.00', '30.54', '24.95', '98.21', '29.72', '25.20', '100.00', '0.00', '2017/06/04, 21:50:48'),
(15291, '0.00', '0.00', '0.00', '30.54', '24.91', '98.20', '29.64', '25.20', '100.00', '0.00', '2017/06/04, 22:20:48'),
(15292, '0.00', '0.00', '0.00', '30.54', '24.91', '98.56', '29.68', '25.20', '100.00', '0.00', '2017/06/04, 22:50:48'),
(15293, '0.00', '0.00', '0.00', '30.54', '24.91', '98.56', '29.72', '25.12', '100.00', '0.00', '2017/06/04, 23:20:48'),
(15294, '0.00', '0.00', '0.00', '30.54', '24.75', '98.52', '29.71', '24.99', '100.00', '0.00', '2017/06/04, 23:50:48'),
(15295, '0.00', '0.00', '0.00', '30.54', '24.55', '98.46', '29.65', '24.83', '100.00', '0.00', '2017/06/05, 00:20:48'),
(15296, '0.00', '0.00', '0.00', '30.54', '24.51', '98.45', '29.67', '24.79', '100.00', '0.00', '2017/06/05, 00:50:48'),
(15297, '0.00', '0.00', '0.00', '30.54', '24.59', '98.47', '29.63', '24.91', '100.00', '0.00', '2017/06/05, 01:20:48'),
(15298, '0.00', '0.00', '0.00', '30.54', '24.71', '98.51', '29.62', '24.95', '100.00', '0.00', '2017/06/05, 01:50:48'),
(15299, '0.00', '0.00', '0.00', '30.54', '24.63', '98.49', '29.61', '24.79', '100.00', '0.00', '2017/06/05, 02:20:48'),
(15300, '0.00', '0.00', '0.00', '30.54', '24.43', '98.43', '29.56', '24.63', '100.00', '0.00', '2017/06/05, 02:50:48'),
(15301, '0.00', '0.00', '0.00', '30.54', '24.19', '98.37', '29.56', '24.47', '100.00', '0.00', '2017/06/05, 03:20:48'),
(15302, '0.00', '0.00', '0.00', '30.54', '24.23', '98.38', '29.55', '24.55', '100.00', '0.00', '2017/06/05, 03:50:48'),
(15303, '0.00', '0.00', '0.00', '30.54', '24.35', '98.41', '29.53', '24.63', '100.00', '0.00', '2017/06/05, 04:20:48'),
(15304, '0.00', '0.00', '0.00', '30.54', '24.39', '98.42', '29.51', '24.75', '100.00', '0.00', '2017/06/05, 04:50:48'),
(15305, '0.00', '0.00', '0.00', '30.54', '24.55', '98.46', '29.47', '24.83', '100.00', '0.00', '2017/06/05, 05:20:48'),
(15306, '0.00', '0.00', '0.00', '30.54', '24.43', '98.43', '29.42', '24.79', '100.00', '0.00', '2017/06/05, 05:50:48'),
(15307, '0.00', '0.00', '0.00', '30.54', '24.51', '98.45', '29.42', '24.79', '100.00', '0.00', '2017/06/05, 06:20:48'),
(15308, '0.00', '0.00', '0.00', '30.54', '24.95', '98.57', '29.42', '25.24', '100.00', '0.00', '2017/06/05, 06:50:48'),
(15309, '0.00', '0.00', '0.00', '30.54', '25.60', '98.74', '29.39', '25.72', '100.00', '0.00', '2017/06/05, 07:20:48'),
(15310, '0.00', '0.00', '0.00', '30.54', '26.76', '98.32', '29.40', '26.56', '100.00', '0.00', '2017/06/05, 07:50:48'),
(15311, '0.00', '0.00', '0.00', '30.54', '27.36', '98.48', '29.37', '27.20', '100.00', '0.00', '2017/06/05, 08:20:48'),
(15312, '0.00', '0.00', '0.00', '30.54', '30.32', '97.09', '29.37', '28.40', '100.00', '0.00', '2017/06/05, 08:50:48'),
(15313, '0.00', '0.00', '0.00', '30.54', '32.16', '96.77', '29.36', '29.52', '100.00', '0.00', '2017/06/05, 09:20:48'),
(15314, '0.00', '0.00', '0.00', '30.54', '33.72', '95.68', '29.37', '30.76', '100.00', '0.00', '2017/06/05, 09:50:48'),
(15315, '0.00', '0.00', '0.00', '30.54', '36.07', '77.79', '29.37', '32.40', '100.00', '0.00', '2017/06/05, 10:20:48'),
(15316, '0.00', '0.00', '0.00', '30.54', '37.47', '66.80', '29.39', '33.20', '100.00', '0.00', '2017/06/05, 10:50:48'),
(15317, '0.00', '0.00', '0.00', '30.54', '37.87', '60.98', '29.39', '33.72', '100.00', '0.00', '2017/06/05, 11:20:48'),
(15318, '0.00', '0.00', '0.00', '30.54', '36.47', '63.67', '29.36', '32.96', '100.00', '0.00', '2017/06/05, 11:50:48'),
(15319, '0.00', '0.00', '0.00', '30.54', '36.75', '63.23', '29.37', '33.36', '100.00', '0.00', '2017/06/05, 12:20:48'),
(15320, '0.00', '0.00', '0.00', '30.54', '37.35', '60.90', '29.37', '34.52', '100.00', '0.00', '2017/06/05, 12:50:48'),
(15321, '0.00', '0.00', '0.00', '30.54', '37.94', '57.91', '29.38', '36.03', '100.00', '0.00', '2017/06/05, 13:20:48'),
(15322, '0.00', '0.00', '0.00', '30.54', '37.98', '56.91', '29.42', '36.95', '98.81', '0.00', '2017/06/05, 13:50:48'),
(15323, '0.00', '0.00', '0.00', '30.54', '38.82', '54.88', '29.42', '38.42', '90.43', '0.00', '2017/06/05, 14:20:48'),
(15324, '0.00', '0.00', '0.00', '30.54', '37.83', '54.24', '29.41', '37.67', '82.09', '0.00', '2017/06/05, 14:50:48'),
(15325, '0.00', '0.00', '0.00', '30.54', '35.72', '60.65', '29.42', '35.52', '79.53', '0.00', '2017/06/05, 15:20:48'),
(15326, '0.00', '0.00', '0.00', '30.54', '34.08', '65.78', '29.38', '33.88', '80.48', '0.00', '2017/06/05, 15:50:48'),
(15327, '0.00', '0.00', '0.00', '30.54', '33.16', '68.52', '29.39', '32.88', '81.13', '0.00', '2017/06/05, 16:20:48'),
(15328, '0.00', '0.00', '0.00', '30.54', '31.44', '75.16', '29.36', '30.72', '86.60', '0.00', '2017/06/05, 17:50:48'),
(15329, '0.00', '0.00', '0.00', '30.54', '30.52', '76.73', '29.34', '30.04', '88.50', '0.00', '2017/06/05, 18:20:48'),
(15330, '0.00', '0.00', '0.00', '30.54', '29.12', '79.96', '29.36', '29.16', '89.08', '0.00', '2017/06/05, 18:50:48'),
(15331, '0.00', '0.00', '0.00', '30.54', '26.72', '89.31', '29.31', '27.20', '94.42', '0.00', '2017/06/05, 20:20:48'),
(15332, '0.00', '0.00', '0.00', '30.54', '26.44', '90.81', '29.31', '26.96', '95.47', '0.00', '2017/06/05, 20:50:48'),
(15333, '0.00', '0.00', '0.00', '30.54', '26.04', '91.47', '29.32', '26.60', '96.12', '0.00', '2017/06/05, 21:20:48'),
(15334, '0.00', '0.00', '0.00', '30.54', '25.60', '93.65', '29.30', '26.12', '97.44', '0.00', '2017/06/05, 22:50:48'),
(15335, '0.00', '0.00', '0.00', '30.54', '25.36', '93.59', '29.29', '25.92', '97.38', '0.00', '2017/06/05, 23:20:48'),
(15336, '0.00', '0.00', '0.00', '30.54', '25.24', '93.93', '29.28', '25.76', '97.34', '0.00', '2017/06/05, 23:50:48');

-- --------------------------------------------------------

--
-- 資料表結構 `_right`
--

CREATE TABLE `_right` (
  `id` int(11) NOT NULL,
  `battery_1` varchar(11) COLLATE utf8_unicode_ci NOT NULL COMMENT '電池電壓',
  `temp_1` varchar(11) COLLATE utf8_unicode_ci NOT NULL COMMENT '環境溫度',
  `humi_1` varchar(11) COLLATE utf8_unicode_ci NOT NULL COMMENT '環境濕度',
  `battery_2` varchar(11) COLLATE utf8_unicode_ci NOT NULL COMMENT '電池電壓',
  `temp_2` varchar(11) COLLATE utf8_unicode_ci NOT NULL COMMENT '環境溫度',
  `humi_2` varchar(11) COLLATE utf8_unicode_ci NOT NULL COMMENT '環境濕度',
  `date` varchar(30) COLLATE utf8_unicode_ci NOT NULL COMMENT '時間'
) ENGINE=InnoDB DEFAULT CHARSET=utf8 COLLATE=utf8_unicode_ci;

--
-- 資料表的匯出資料 `_right`
--

INSERT INTO `_right` (`id`, `battery_1`, `temp_1`, `humi_1`, `battery_2`, `temp_2`, `humi_2`, `date`) VALUES
(15090, '30.54', '26.08', '98.15', '30.54', '25.44', '97.98', '2017/05/31, 06:50:47'),
(15091, '30.54', '26.40', '98.23', '30.54', '25.64', '98.03', '2017/05/31, 07:20:47'),
(15092, '30.54', '28.24', '97.64', '30.54', '26.08', '98.15', '2017/05/31, 07:50:47'),
(15093, '30.54', '28.48', '98.05', '30.54', '26.96', '97.65', '2017/05/31, 08:20:47'),
(15094, '30.54', '29.56', '97.61', '30.54', '27.48', '97.79', '2017/05/31, 08:50:47'),
(15095, '30.54', '29.52', '97.60', '30.54', '27.72', '97.85', '2017/05/31, 09:20:47'),
(15096, '30.54', '31.00', '93.43', '30.54', '27.96', '97.91', '2017/05/31, 09:50:47'),
(15097, '30.54', '32.80', '88.34', '30.54', '29.20', '97.89', '2017/05/31, 10:20:47'),
(15098, '30.54', '34.20', '80.98', '30.54', '30.76', '97.20', '2017/05/31, 10:50:47'),
(15099, '30.54', '35.60', '71.34', '30.54', '32.12', '93.69', '2017/05/31, 11:20:47'),
(15100, '30.54', '36.43', '66.15', '30.54', '33.64', '88.53', '2017/05/31, 11:50:47'),
(15101, '30.54', '37.67', '62.41', '30.54', '34.40', '81.02', '2017/05/31, 12:20:47'),
(15102, '30.54', '38.30', '58.45', '30.54', '35.56', '72.25', '2017/05/31, 12:50:47'),
(15103, '30.54', '39.34', '54.95', '30.54', '36.55', '66.17', '2017/05/31, 13:20:47'),
(15104, '30.54', '39.30', '53.93', '30.54', '37.75', '61.94', '2017/05/31, 13:50:47'),
(15105, '30.54', '39.93', '50.79', '30.54', '37.39', '59.80', '2017/05/31, 14:20:47'),
(15106, '30.54', '39.77', '48.17', '30.54', '38.06', '55.79', '2017/05/31, 14:50:47'),
(15107, '30.54', '37.87', '50.54', '30.54', '37.39', '54.70', '2017/05/31, 15:20:47'),
(15108, '30.54', '36.23', '52.51', '30.54', '35.64', '57.08', '2017/05/31, 15:50:47'),
(15109, '30.54', '36.43', '51.40', '30.54', '34.48', '57.91', '2017/05/31, 16:20:47'),
(15110, '30.54', '36.35', '52.02', '30.54', '34.16', '56.88', '2017/05/31, 16:50:47'),
(15111, '30.54', '35.52', '53.94', '30.54', '33.96', '57.84', '2017/05/31, 17:20:47'),
(15112, '30.54', '30.48', '66.15', '30.54', '30.40', '66.66', '2017/05/31, 18:50:47'),
(15113, '30.54', '29.00', '71.07', '30.54', '29.16', '70.64', '2017/05/31, 19:20:47'),
(15114, '30.54', '26.24', '82.34', '30.54', '26.56', '79.45', '2017/05/31, 20:50:47'),
(15115, '30.54', '25.80', '85.11', '30.54', '25.92', '82.68', '2017/05/31, 21:20:47'),
(15116, '30.54', '25.84', '87.14', '30.54', '25.64', '84.68', '2017/05/31, 21:50:47'),
(15117, '30.54', '26.00', '88.36', '30.54', '25.68', '86.70', '2017/05/31, 22:20:47'),
(15118, '30.54', '26.08', '89.16', '30.54', '25.84', '87.54', '2017/05/31, 22:50:47'),
(15119, '30.54', '25.84', '89.51', '30.54', '25.76', '88.30', '2017/05/31, 23:20:47'),
(15120, '30.54', '25.88', '90.68', '30.54', '25.72', '89.08', '2017/05/31, 23:50:47'),
(15121, '30.54', '25.72', '90.64', '30.54', '25.72', '89.87', '2017/06/01, 00:20:47'),
(15122, '30.54', '25.44', '91.33', '30.54', '25.52', '90.20', '2017/06/01, 00:50:47'),
(15123, '30.54', '25.28', '92.05', '30.54', '25.20', '90.51', '2017/06/01, 01:20:47'),
(15124, '30.54', '25.44', '93.23', '30.54', '25.16', '91.26', '2017/06/01, 01:50:47'),
(15125, '30.54', '25.40', '95.08', '30.54', '25.24', '92.43', '2017/06/01, 02:20:47'),
(15126, '30.54', '25.20', '95.39', '30.54', '25.12', '93.53', '2017/06/01, 02:50:47'),
(15127, '30.54', '25.04', '95.72', '30.54', '24.95', '93.86', '2017/06/01, 03:20:47'),
(15128, '30.54', '24.87', '96.04', '30.54', '24.71', '94.17', '2017/06/01, 03:50:47'),
(15129, '30.54', '24.67', '96.35', '30.54', '24.59', '94.51', '2017/06/01, 04:20:47'),
(15130, '30.54', '24.67', '96.72', '30.54', '24.39', '94.83', '2017/06/01, 04:50:47'),
(15131, '30.54', '24.91', '97.13', '30.54', '24.59', '95.24', '2017/06/01, 05:20:47'),
(15132, '30.54', '25.12', '97.18', '30.54', '24.71', '95.64', '2017/06/01, 05:50:47'),
(15133, '30.54', '25.12', '97.18', '30.54', '24.91', '95.69', '2017/06/01, 06:20:47'),
(15134, '30.54', '25.20', '97.20', '30.54', '24.91', '95.69', '2017/06/01, 06:50:47'),
(15135, '30.54', '25.84', '97.36', '30.54', '25.08', '96.45', '2017/06/01, 07:20:47'),
(15136, '30.54', '26.76', '97.60', '30.54', '25.80', '96.63', '2017/06/01, 07:50:47'),
(15137, '30.54', '25.96', '96.67', '30.54', '26.20', '96.74', '2017/06/01, 08:20:47'),
(15138, '30.54', '26.20', '97.46', '30.54', '25.44', '95.82', '2017/06/01, 08:50:47'),
(15139, '30.54', '27.88', '97.89', '30.54', '26.68', '96.86', '2017/06/01, 09:20:47'),
(15140, '30.54', '27.76', '97.86', '30.54', '26.68', '96.86', '2017/06/01, 09:50:47'),
(15141, '30.54', '30.00', '97.01', '30.54', '27.56', '97.09', '2017/06/01, 10:20:47'),
(15142, '30.54', '30.92', '96.87', '30.54', '28.80', '97.41', '2017/06/01, 10:50:47'),
(15143, '30.54', '31.56', '94.76', '30.54', '29.04', '97.12', '2017/06/01, 11:20:47'),
(15144, '30.54', '30.88', '91.11', '30.54', '30.08', '96.66', '2017/06/01, 11:50:47'),
(15145, '30.54', '29.32', '94.58', '30.54', '28.88', '93.72', '2017/06/01, 12:20:47'),
(15146, '30.54', '30.20', '92.47', '30.54', '29.12', '96.01', '2017/06/01, 12:50:47'),
(15147, '30.54', '26.88', '92.44', '30.54', '28.32', '90.49', '2017/06/01, 13:20:47'),
(15148, '30.54', '26.32', '96.05', '30.54', '25.92', '94.47', '2017/06/01, 13:50:47'),
(15149, '30.54', '26.52', '97.19', '30.54', '25.76', '96.62', '2017/06/01, 14:20:47'),
(15150, '30.54', '27.80', '97.15', '30.54', '26.32', '97.14', '2017/06/01, 14:50:47'),
(15151, '30.54', '28.56', '97.35', '30.54', '27.12', '97.35', '2017/06/01, 15:20:47'),
(15152, '30.54', '27.80', '97.15', '30.54', '27.04', '97.68', '2017/06/01, 15:50:47'),
(15153, '30.54', '27.60', '97.10', '30.54', '27.08', '97.69', '2017/06/01, 16:20:47'),
(15154, '30.54', '27.60', '97.10', '30.54', '26.96', '97.65', '2017/06/01, 16:50:47'),
(15155, '30.54', '27.72', '97.85', '30.54', '26.96', '97.65', '2017/06/01, 17:20:47'),
(15156, '30.54', '27.56', '97.81', '30.54', '26.92', '97.64', '2017/06/01, 17:50:47'),
(15157, '30.54', '27.28', '97.74', '30.54', '26.68', '97.58', '2017/06/01, 18:20:47'),
(15158, '30.54', '27.04', '97.68', '30.54', '26.56', '97.55', '2017/06/01, 18:50:47'),
(15159, '30.54', '27.00', '97.67', '30.54', '26.52', '97.54', '2017/06/01, 19:20:47'),
(15160, '30.54', '27.00', '97.67', '30.54', '26.48', '97.89', '2017/06/01, 19:50:47'),
(15161, '30.54', '27.08', '98.05', '30.54', '26.44', '97.88', '2017/06/01, 20:20:47'),
(15162, '30.54', '27.12', '98.06', '30.54', '26.44', '98.24', '2017/06/01, 20:50:47'),
(15163, '30.54', '27.12', '98.42', '30.54', '26.48', '97.89', '2017/06/01, 21:20:47'),
(15164, '30.54', '27.00', '98.03', '30.54', '26.44', '97.88', '2017/06/01, 21:50:47'),
(15165, '30.54', '27.04', '98.04', '30.54', '26.48', '98.25', '2017/06/01, 22:20:47'),
(15166, '30.54', '27.00', '98.39', '30.54', '26.48', '98.25', '2017/06/01, 22:50:47'),
(15167, '30.54', '27.04', '98.40', '30.54', '26.48', '98.25', '2017/06/01, 23:20:47'),
(15168, '30.54', '26.92', '98.36', '30.54', '26.40', '98.23', '2017/06/01, 23:50:47'),
(15169, '30.54', '26.80', '98.33', '30.54', '26.32', '98.21', '2017/06/02, 00:20:47'),
(15170, '30.54', '26.76', '98.32', '30.54', '26.20', '98.18', '2017/06/02, 00:50:47'),
(15171, '30.54', '26.88', '98.35', '30.54', '26.36', '98.22', '2017/06/02, 01:20:47'),
(15172, '30.54', '26.96', '98.37', '30.54', '26.40', '98.23', '2017/06/02, 01:50:47'),
(15173, '30.54', '26.84', '98.34', '30.54', '26.20', '98.18', '2017/06/02, 02:20:47'),
(15174, '30.54', '26.80', '98.33', '30.54', '26.00', '98.13', '2017/06/02, 03:50:48'),
(15175, '30.54', '27.00', '97.67', '30.54', '26.04', '98.14', '2017/06/02, 05:20:48'),
(15176, '30.54', '26.72', '98.31', '30.54', '26.24', '98.19', '2017/06/02, 06:50:48'),
(15177, '30.54', '26.64', '98.29', '30.54', '26.24', '98.19', '2017/06/02, 07:20:48'),
(15178, '30.54', '27.00', '98.39', '30.54', '26.56', '98.27', '2017/06/02, 07:50:48'),
(15179, '30.54', '27.56', '98.53', '30.54', '26.92', '98.36', '2017/06/02, 08:20:48'),
(15180, '30.54', '27.40', '98.49', '30.54', '26.72', '98.31', '2017/06/02, 08:50:48'),
(15181, '30.54', '27.64', '98.55', '30.54', '27.08', '98.41', '2017/06/02, 09:20:48'),
(15182, '30.54', '27.92', '98.62', '30.54', '27.00', '98.39', '2017/06/02, 09:50:48'),
(15183, '30.54', '28.36', '98.38', '30.54', '27.60', '98.54', '2017/06/02, 10:20:48'),
(15184, '30.54', '29.36', '97.93', '30.54', '27.80', '98.23', '2017/06/02, 10:50:48'),
(15185, '30.54', '28.00', '97.21', '30.54', '27.64', '98.55', '2017/06/02, 11:20:48'),
(15186, '30.54', '30.08', '97.03', '30.54', '28.80', '98.13', '2017/06/02, 11:50:48'),
(15187, '30.54', '31.04', '91.91', '30.54', '29.84', '96.96', '2017/06/02, 12:20:48'),
(15188, '30.54', '32.24', '85.31', '30.54', '30.64', '91.05', '2017/06/02, 12:50:48'),
(15189, '30.54', '30.40', '90.16', '30.54', '29.56', '91.56', '2017/06/02, 13:20:48'),
(15190, '30.54', '30.72', '87.86', '30.54', '29.92', '92.41', '2017/06/02, 13:50:48'),
(15191, '30.54', '30.96', '86.66', '30.54', '29.20', '91.08', '2017/06/02, 14:20:48'),
(15192, '30.54', '29.04', '93.76', '30.54', '28.16', '95.03', '2017/06/02, 15:50:48'),
(15193, '30.54', '27.60', '94.15', '30.54', '26.84', '96.18', '2017/06/02, 17:20:48'),
(15194, '30.54', '27.44', '97.06', '30.54', '26.84', '96.90', '2017/06/02, 17:50:48'),
(15195, '30.54', '27.60', '97.47', '30.54', '26.84', '97.62', '2017/06/02, 18:20:48'),
(15196, '30.54', '27.56', '97.81', '30.54', '26.76', '97.60', '2017/06/02, 18:50:48'),
(15197, '30.54', '27.08', '97.69', '30.54', '26.48', '97.53', '2017/06/02, 19:20:48'),
(15198, '30.54', '27.04', '97.68', '30.54', '26.56', '97.55', '2017/06/02, 19:50:48'),
(15199, '30.54', '27.04', '98.04', '30.54', '26.56', '97.91', '2017/06/02, 20:20:48'),
(15200, '30.54', '27.04', '98.40', '30.54', '26.60', '97.92', '2017/06/02, 20:50:48'),
(15201, '30.54', '27.00', '98.39', '30.54', '26.48', '98.25', '2017/06/02, 21:20:48'),
(15202, '30.54', '27.00', '98.39', '30.54', '26.60', '98.28', '2017/06/02, 21:50:48'),
(15203, '30.54', '27.08', '98.41', '30.54', '26.68', '98.30', '2017/06/02, 22:20:48'),
(15204, '30.54', '27.08', '98.41', '30.54', '26.60', '98.28', '2017/06/02, 22:50:48'),
(15205, '30.54', '27.12', '98.42', '30.54', '26.68', '98.30', '2017/06/02, 23:20:48'),
(15206, '30.54', '27.16', '98.43', '30.54', '26.72', '98.31', '2017/06/02, 23:50:48'),
(15207, '30.54', '27.48', '98.51', '30.54', '26.72', '98.31', '2017/06/03, 01:20:48'),
(15208, '30.54', '27.52', '98.52', '30.54', '26.76', '98.32', '2017/06/03, 01:50:48'),
(15209, '30.54', '27.60', '98.54', '30.54', '26.88', '98.35', '2017/06/03, 02:20:48'),
(15210, '30.54', '27.56', '98.53', '30.54', '26.76', '98.32', '2017/06/03, 02:50:48'),
(15211, '30.54', '27.56', '98.53', '30.54', '26.80', '98.33', '2017/06/03, 03:20:48'),
(15212, '30.54', '27.40', '98.49', '30.54', '26.76', '98.32', '2017/06/03, 03:50:48'),
(15213, '30.54', '27.28', '98.46', '30.54', '26.72', '98.31', '2017/06/03, 04:20:48'),
(15214, '30.54', '27.20', '98.44', '30.54', '26.64', '98.29', '2017/06/03, 04:50:48'),
(15215, '30.54', '27.16', '98.80', '30.54', '26.64', '98.29', '2017/06/03, 05:20:48'),
(15216, '30.54', '27.20', '98.81', '30.54', '25.76', '98.06', '2017/06/03, 05:50:48'),
(15217, '30.54', '26.16', '98.17', '30.54', '25.60', '98.02', '2017/06/03, 06:20:48'),
(15218, '30.54', '26.08', '98.87', '30.54', '25.76', '98.42', '2017/06/03, 06:50:48'),
(15219, '30.54', '26.40', '98.95', '30.54', '26.12', '98.52', '2017/06/03, 07:20:48'),
(15220, '30.54', '27.04', '98.77', '30.54', '26.88', '98.35', '2017/06/03, 07:50:48'),
(15221, '30.54', '29.60', '98.34', '30.54', '28.44', '98.76', '2017/06/03, 09:20:48'),
(15222, '30.54', '29.92', '98.42', '30.54', '28.80', '98.13', '2017/06/03, 09:50:48'),
(15223, '30.54', '29.12', '98.94', '30.54', '27.84', '98.60', '2017/06/03, 10:20:48'),
(15224, '30.54', '28.28', '98.72', '30.54', '27.48', '98.51', '2017/06/03, 10:50:48'),
(15225, '30.54', '28.08', '98.67', '30.54', '27.40', '98.49', '2017/06/03, 11:20:48'),
(15226, '30.54', '28.00', '98.65', '30.54', '27.20', '98.44', '2017/06/03, 11:50:48'),
(15227, '30.54', '28.28', '98.72', '30.54', '27.60', '98.54', '2017/06/03, 12:20:48'),
(15228, '30.54', '28.96', '98.89', '30.54', '27.80', '98.59', '2017/06/03, 12:50:48'),
(15229, '30.54', '29.12', '98.94', '30.54', '28.16', '98.33', '2017/06/03, 13:20:48'),
(15230, '30.54', '29.52', '98.68', '30.54', '28.60', '98.08', '2017/06/03, 13:50:48'),
(15231, '30.54', '29.76', '98.38', '30.54', '28.64', '97.74', '2017/06/03, 14:20:48'),
(15232, '30.54', '29.92', '96.98', '30.54', '28.88', '95.95', '2017/06/03, 14:50:48'),
(15233, '30.54', '29.92', '94.35', '30.54', '28.80', '94.82', '2017/06/03, 15:20:48'),
(15234, '30.54', '29.72', '93.12', '30.54', '28.80', '94.82', '2017/06/03, 15:50:48'),
(15235, '30.54', '29.56', '93.89', '30.54', '28.56', '95.13', '2017/06/03, 16:20:48'),
(15236, '30.54', '29.76', '93.13', '30.54', '28.56', '95.50', '2017/06/03, 16:50:48'),
(15237, '30.54', '29.04', '92.95', '30.54', '28.36', '94.34', '2017/06/03, 17:20:48'),
(15238, '30.54', '29.12', '92.97', '30.54', '28.32', '95.07', '2017/06/03, 17:50:48'),
(15239, '30.54', '28.12', '95.39', '30.54', '27.88', '94.96', '2017/06/03, 18:20:48'),
(15240, '30.54', '27.84', '96.80', '30.54', '27.44', '96.34', '2017/06/03, 18:50:48'),
(15241, '30.54', '27.80', '97.15', '30.54', '27.24', '97.01', '2017/06/03, 19:20:48'),
(15242, '30.54', '27.84', '97.16', '30.54', '27.32', '97.03', '2017/06/03, 19:50:48'),
(15243, '30.54', '27.92', '97.55', '30.54', '27.40', '97.05', '2017/06/03, 20:20:48'),
(15244, '30.54', '28.00', '97.58', '30.54', '27.36', '97.04', '2017/06/03, 20:50:48'),
(15245, '30.54', '27.84', '97.16', '30.54', '27.36', '97.04', '2017/06/03, 21:20:48'),
(15246, '30.54', '27.56', '97.81', '30.54', '27.12', '97.35', '2017/06/03, 21:50:48'),
(15247, '30.54', '27.52', '98.16', '30.54', '26.96', '97.65', '2017/06/03, 22:20:48'),
(15248, '30.54', '27.56', '98.53', '30.54', '26.88', '98.35', '2017/06/03, 23:50:48');

--
-- 已匯出資料表的索引
--

--
-- 資料表索引 `avg`
--
ALTER TABLE `avg`
  ADD PRIMARY KEY (`id`);

--
-- 資料表索引 `equipment`
--
ALTER TABLE `equipment`
  ADD PRIMARY KEY (`e_id`),
  ADD KEY `e_id` (`e_id`),
  ADD KEY `e_id_2` (`e_id`);

--
-- 資料表索引 `flower`
--
ALTER TABLE `flower`
  ADD PRIMARY KEY (`f_id`);

--
-- 資料表索引 `greenhouse`
--
ALTER TABLE `greenhouse`
  ADD PRIMARY KEY (`gh_id`);

--
-- 資料表索引 `history`
--
ALTER TABLE `history`
  ADD PRIMARY KEY (`h_id`);

--
-- 資料表索引 `memberdata`
--
ALTER TABLE `memberdata`
  ADD PRIMARY KEY (`m_id`),
  ADD UNIQUE KEY `m_username` (`m_username`);

--
-- 資料表索引 `message`
--
ALTER TABLE `message`
  ADD PRIMARY KEY (`s_id`);

--
-- 資料表索引 `picture`
--
ALTER TABLE `picture`
  ADD PRIMARY KEY (`p_id`);

--
-- 資料表索引 `reply`
--
ALTER TABLE `reply`
  ADD PRIMARY KEY (`r_id`);

--
-- 資料表索引 `_center`
--
ALTER TABLE `_center`
  ADD PRIMARY KEY (`id`);

--
-- 資料表索引 `_right`
--
ALTER TABLE `_right`
  ADD PRIMARY KEY (`id`);

--
-- 在匯出的資料表使用 AUTO_INCREMENT
--

--
-- 使用資料表 AUTO_INCREMENT `avg`
--
ALTER TABLE `avg`
  MODIFY `id` int(11) UNSIGNED NOT NULL AUTO_INCREMENT, AUTO_INCREMENT=7;
--
-- 使用資料表 AUTO_INCREMENT `equipment`
--
ALTER TABLE `equipment`
  MODIFY `e_id` int(255) UNSIGNED NOT NULL AUTO_INCREMENT COMMENT '編號', AUTO_INCREMENT=14;
--
-- 使用資料表 AUTO_INCREMENT `flower`
--
ALTER TABLE `flower`
  MODIFY `f_id` int(255) UNSIGNED NOT NULL AUTO_INCREMENT, AUTO_INCREMENT=12;
--
-- 使用資料表 AUTO_INCREMENT `greenhouse`
--
ALTER TABLE `greenhouse`
  MODIFY `gh_id` int(255) UNSIGNED NOT NULL AUTO_INCREMENT, AUTO_INCREMENT=3;
--
-- 使用資料表 AUTO_INCREMENT `history`
--
ALTER TABLE `history`
  MODIFY `h_id` int(255) UNSIGNED NOT NULL AUTO_INCREMENT, AUTO_INCREMENT=246;
--
-- 使用資料表 AUTO_INCREMENT `memberdata`
--
ALTER TABLE `memberdata`
  MODIFY `m_id` int(255) NOT NULL AUTO_INCREMENT, AUTO_INCREMENT=19;
--
-- 使用資料表 AUTO_INCREMENT `message`
--
ALTER TABLE `message`
  MODIFY `s_id` int(255) UNSIGNED NOT NULL AUTO_INCREMENT;
--
-- 使用資料表 AUTO_INCREMENT `picture`
--
ALTER TABLE `picture`
  MODIFY `p_id` int(255) UNSIGNED NOT NULL AUTO_INCREMENT, AUTO_INCREMENT=5;
--
-- 使用資料表 AUTO_INCREMENT `reply`
--
ALTER TABLE `reply`
  MODIFY `r_id` int(255) UNSIGNED NOT NULL AUTO_INCREMENT;
--
-- 使用資料表 AUTO_INCREMENT `_center`
--
ALTER TABLE `_center`
  MODIFY `id` int(11) NOT NULL AUTO_INCREMENT, AUTO_INCREMENT=15337;
--
-- 使用資料表 AUTO_INCREMENT `_right`
--
ALTER TABLE `_right`
  MODIFY `id` int(11) NOT NULL AUTO_INCREMENT, AUTO_INCREMENT=15249;
/*!40101 SET CHARACTER_SET_CLIENT=@OLD_CHARACTER_SET_CLIENT */;
/*!40101 SET CHARACTER_SET_RESULTS=@OLD_CHARACTER_SET_RESULTS */;
/*!40101 SET COLLATION_CONNECTION=@OLD_COLLATION_CONNECTION */;
